2025-06-17 20:33:39,967 [INFO] Activator:176 - 


2025-06-17 20:33:39,970 [INFO] Activator:177 - !SESSION log4j initialized
2025-06-17 20:33:43,160 [INFO] LogOutputStream:77 - [STDOUT_REDIRECT] 
2025-06-17 20:33:49,476 [INFO] McuFinderGlobals:63 - Set McuFinder mode to 2 (CubeIDE integrated)
2025-06-17 20:33:50,615 [INFO] ApplicationProperties:184 - Using Application install path: C:\ST\STM32CubeIDE_1.18.0\STM32CubeIDE\plugins\com.st.stm32cube.common.mx_6.14.1.202504091515
2025-06-17 20:33:50,628 [INFO] DbMcusXml:78 - Set database path to: C:\ST\STM32CubeIDE_1.18.0\STM32CubeIDE\plugins\com.st.stm32cube.common.mx_6.14.1.202504091515\\db\/mcu/
2025-06-17 20:33:50,630 [INFO] ApiDb:274 - Set plugin database path to: C:\ST\STM32CubeIDE_1.18.0\STM32CubeIDE\plugins\com.st.stm32cube.common.mx_6.14.1.202504091515\\db\/plugins/boardmanager/
2025-06-17 20:33:50,632 [WARN] ApiDb:259 - Overriding images path with different value:  => C:\ST\STM32CubeIDE_1.18.0\STM32CubeIDE\plugins\com.st.stm32cube.common.mx_6.14.1.202504091515\\db\/plugins/mcufinder/images/
2025-06-17 20:33:50,636 [INFO] ApiDb:250 - Set database path to: C:\Users\User\.stmcufinder\plugins\mcufinder//mcu/
2025-06-17 20:33:50,638 [INFO] DbMcusAds:125 - Set database path to: C:\Users\User\.stmcufinder\plugins\mcufinder//mcu/
2025-06-17 20:33:50,640 [INFO] CrossReferenceDbSqlite:203 - Set database path to: C:\Users\User\.stmcufinder\plugins\mcufinder//mcu/cs/
2025-06-17 20:33:50,758 [INFO] RulesReader:64 - Compatibility file has been processed (302 Rules)
2025-06-17 20:33:50,887 [INFO] DbMcusXml:78 - Set database path to: C:\ST\STM32CubeIDE_1.18.0\STM32CubeIDE\plugins\com.st.stm32cube.common.mx_6.14.1.202504091515\\db\/mcu/
2025-06-17 20:33:50,887 [INFO] ApiDb:274 - Set plugin database path to: C:\ST\STM32CubeIDE_1.18.0\STM32CubeIDE\plugins\com.st.stm32cube.common.mx_6.14.1.202504091515\\db\/plugins/boardmanager/
2025-06-17 20:33:50,887 [INFO] ApiDb:261 - Set plugin images path to: C:\ST\STM32CubeIDE_1.18.0\STM32CubeIDE\plugins\com.st.stm32cube.common.mx_6.14.1.202504091515\\db\/plugins/mcufinder/images/
2025-06-17 20:33:50,888 [WARN] DbFile:41 - Overriding database path with different value: C:\Users\User\.stmcufinder\plugins\mcufinder/ => C:\Users\User\.stmcufinder\plugins\mcufinder
2025-06-17 20:33:50,888 [INFO] ApiDb:250 - Set database path to: C:\Users\User\.stmcufinder\plugins\mcufinder//mcu/
2025-06-17 20:33:50,888 [WARN] DbFile:41 - Overriding database path with different value: C:\Users\User\.stmcufinder\plugins\mcufinder/ => C:\Users\User\.stmcufinder\plugins\mcufinder
2025-06-17 20:33:50,888 [INFO] DbMcusAds:125 - Set database path to: C:\Users\User\.stmcufinder\plugins\mcufinder//mcu/
2025-06-17 20:33:50,888 [WARN] DbFile:41 - Overriding database path with different value: C:\Users\User\.stmcufinder\plugins\mcufinder/ => C:\Users\User\.stmcufinder\plugins\mcufinder
2025-06-17 20:33:50,888 [WARN] DbFile:41 - Overriding database path with different value: C:\Users\User\.stmcufinder\plugins\mcufinder/ => C:\Users\User\.stmcufinder\plugins\mcufinder
2025-06-17 20:33:50,889 [INFO] CrossReferenceDbSqlite:203 - Set database path to: C:\Users\User\.stmcufinder\plugins\mcufinder//mcu/cs/
2025-06-17 20:33:50,975 [INFO] MainPanel:272 - HeapMemory: 268435456
2025-06-17 20:33:51,077 [INFO] DbMcusXml:78 - Set database path to: C:\ST\STM32CubeIDE_1.18.0\STM32CubeIDE\plugins\com.st.stm32cube.common.mx_6.14.1.202504091515\\db\/mcu/
2025-06-17 20:33:51,078 [INFO] ApiDb:274 - Set plugin database path to: C:\ST\STM32CubeIDE_1.18.0\STM32CubeIDE\plugins\com.st.stm32cube.common.mx_6.14.1.202504091515\\db\/plugins/boardmanager/
2025-06-17 20:33:51,078 [INFO] ApiDb:261 - Set plugin images path to: C:\ST\STM32CubeIDE_1.18.0\STM32CubeIDE\plugins\com.st.stm32cube.common.mx_6.14.1.202504091515\\db\/plugins/mcufinder/images/
2025-06-17 20:33:51,078 [WARN] DbFile:41 - Overriding database path with different value: C:\Users\User\.stmcufinder\plugins\mcufinder/ => C:\Users\User\.stmcufinder\plugins\mcufinder
2025-06-17 20:33:51,078 [INFO] ApiDb:250 - Set database path to: C:\Users\User\.stmcufinder\plugins\mcufinder//mcu/
2025-06-17 20:33:51,079 [WARN] DbFile:41 - Overriding database path with different value: C:\Users\User\.stmcufinder\plugins\mcufinder/ => C:\Users\User\.stmcufinder\plugins\mcufinder
2025-06-17 20:33:51,079 [INFO] DbMcusAds:125 - Set database path to: C:\Users\User\.stmcufinder\plugins\mcufinder//mcu/
2025-06-17 20:33:51,079 [WARN] DbFile:41 - Overriding database path with different value: C:\Users\User\.stmcufinder\plugins\mcufinder/ => C:\Users\User\.stmcufinder\plugins\mcufinder
2025-06-17 20:33:51,079 [WARN] DbFile:41 - Overriding database path with different value: C:\Users\User\.stmcufinder\plugins\mcufinder/ => C:\Users\User\.stmcufinder\plugins\mcufinder
2025-06-17 20:33:51,079 [INFO] CrossReferenceDbSqlite:203 - Set database path to: C:\Users\User\.stmcufinder\plugins\mcufinder//mcu/cs/
2025-06-17 20:33:51,097 [INFO] ApplicationProperties:184 - Using Application install path: C:\ST\STM32CubeIDE_1.18.0\STM32CubeIDE\plugins\com.st.stm32cube.common.mx_6.14.1.202504091515
2025-06-17 20:33:51,098 [INFO] PluginManage:196 - Search for loadable plugins [exclusion list=, ]
2025-06-17 20:33:51,100 [INFO] PluginManage:310 - Check plugin analytics
2025-06-17 20:33:56,222 [INFO] AnalyticsPlugin:253 - Accepted Software Licenses: 
2025-06-17 20:33:56,222 [INFO] AnalyticsPlugin:255 - Accepted CMSIS Pack Licenses: 
2025-06-17 20:33:56,222 [INFO] AnalyticsPlugin:257 - Accepted Firmware Licenses: FW.C0.1.1.0
2025-06-17 20:33:56,227 [INFO] PluginManage:359 - Loaded plugin analytics (category:tool,tabindex:-1)
2025-06-17 20:33:56,227 [INFO] PluginManage:310 - Check plugin cadmodel
2025-06-17 20:33:56,233 [INFO] CADModel:105 - Init CAD model plugin
2025-06-17 20:33:56,234 [INFO] PluginManage:359 - Loaded plugin cadmodel (category:power,tabindex:5)
2025-06-17 20:33:56,234 [INFO] PluginManage:310 - Check plugin clock
2025-06-17 20:33:56,244 [INFO] PluginManage:359 - Loaded plugin clock (category:base,tabindex:2)
2025-06-17 20:33:56,244 [INFO] PluginManage:310 - Check plugin ddr
2025-06-17 20:33:56,247 [INFO] PluginManage:359 - Loaded plugin ddr (category:tool,tabindex:6)
2025-06-17 20:33:56,247 [INFO] PluginManage:310 - Check plugin filemanager
2025-06-17 20:33:56,440 [INFO] PluginManage:359 - Loaded plugin filemanager (category:base,tabindex:10)
2025-06-17 20:33:56,440 [INFO] PluginManage:310 - Check plugin ipmanager
2025-06-17 20:33:56,449 [INFO] PluginManage:359 - Loaded plugin ipmanager (category:base,tabindex:5)
2025-06-17 20:33:56,450 [INFO] PluginManage:310 - Check plugin lpbam
2025-06-17 20:33:56,459 [INFO] PluginManage:359 - Loaded plugin lpbam (category:base,tabindex:0)
2025-06-17 20:33:56,460 [INFO] PluginManage:310 - Check plugin memorymap
2025-06-17 20:33:56,471 [INFO] PluginManage:359 - Loaded plugin memorymap (category:base,tabindex:4)
2025-06-17 20:33:56,472 [INFO] PluginManage:310 - Check plugin pinoutandconfiguration
2025-06-17 20:33:56,482 [INFO] PluginManage:359 - Loaded plugin pinoutandconfiguration (category:base,tabindex:1)
2025-06-17 20:33:56,482 [INFO] PluginManage:310 - Check plugin pinoutconfig
2025-06-17 20:33:56,606 [WARN] SupportedApi:132 - Cannot load RTOS API schema: s4s-elt-must-match.1: The content of 'definitions' must match (annotation?, (simpleType | complexType)?, (unique | key | keyref)*)). A problem was found starting at: attribute.
2025-06-17 20:33:56,759 [INFO] PluginManage:359 - Loaded plugin pinoutconfig (category:base,tabindex:0)
2025-06-17 20:33:56,759 [INFO] PluginManage:310 - Check plugin power
2025-06-17 20:33:56,770 [INFO] PluginManage:359 - Loaded plugin power (category:power,tabindex:4)
2025-06-17 20:33:56,770 [INFO] PluginManage:310 - Check plugin projectmanager
2025-06-17 20:33:56,797 [INFO] PluginManage:359 - Loaded plugin projectmanager (category:projectmanager,tabindex:4)
2025-06-17 20:33:56,797 [INFO] PluginManage:310 - Check plugin rif
2025-06-17 20:33:56,809 [INFO] PluginManage:359 - Loaded plugin rif (category:base,tabindex:3)
2025-06-17 20:33:56,809 [INFO] PluginManage:310 - Check plugin thirdparty
2025-06-17 20:33:57,032 [INFO] PluginManage:359 - Loaded plugin thirdparty (category:base,tabindex:-1)
2025-06-17 20:33:57,032 [WARN] IntegrityCheckThread:84 - waiting for thirdparty lock release [integrity check]
2025-06-17 20:33:57,032 [INFO] PluginManage:310 - Check plugin tools
2025-06-17 20:33:57,032 [INFO] IntegrityCheckThread:86 - entering critical section [integrity check]
2025-06-17 20:33:57,032 [INFO] ThirdPartyUpdaterWithRetryManager:70 - Updater plugin not ready yet. [1/15]
2025-06-17 20:33:57,036 [INFO] PluginManage:359 - Loaded plugin tools (category:base,tabindex:7)
2025-06-17 20:33:57,036 [INFO] PluginManage:310 - Check plugin tutovideos
2025-06-17 20:33:57,188 [INFO] PluginManage:359 - Loaded plugin tutovideos (category:base,tabindex:-1)
2025-06-17 20:33:57,189 [INFO] PluginManage:310 - Check plugin updater
2025-06-17 20:33:57,212 [INFO] PluginManage:359 - Loaded plugin updater (category:base,tabindex:12)
2025-06-17 20:33:57,212 [INFO] PluginManage:310 - Check plugin userauth
2025-06-17 20:33:57,215 [INFO] UserAuth:118 - Init User Auth plugin
2025-06-17 20:33:57,216 [INFO] PluginManage:359 - Loaded plugin userauth (category:base,tabindex:14)
2025-06-17 20:33:57,216 [INFO] PluginManage:283 - PluginManage : Loaded plugins [18]
2025-06-17 20:33:57,428 [INFO] PinOutPanel:1589 - setPackage(No Configuration,No Configuration)
2025-06-17 20:33:57,529 [INFO] CADModel:165 - CPN selected for project level
2025-06-17 20:33:57,529 [INFO] CADModel:114 - Register for checkConnection events
2025-06-17 20:33:57,549 [INFO] IPUIPlugin:80 - create IPUIPlugin
2025-06-17 20:33:57,549 [INFO] PluginManager:220 - loadIPPluginJar : add adc
2025-06-17 20:33:57,552 [INFO] IPUIPlugin:80 - create IPUIPlugin
2025-06-17 20:33:57,552 [INFO] PluginManager:220 - loadIPPluginJar : add aes
2025-06-17 20:33:57,555 [INFO] IPUIPlugin:80 - create IPUIPlugin
2025-06-17 20:33:57,555 [INFO] PluginManager:220 - loadIPPluginJar : add can
2025-06-17 20:33:57,557 [INFO] IPUIPlugin:80 - create IPUIPlugin
2025-06-17 20:33:57,557 [INFO] PluginManager:220 - loadIPPluginJar : add comp
2025-06-17 20:33:57,561 [INFO] IPUIPlugin:80 - create IPUIPlugin
2025-06-17 20:33:57,561 [INFO] PluginManager:220 - loadIPPluginJar : add cryp
2025-06-17 20:33:57,563 [INFO] IPUIPlugin:80 - create IPUIPlugin
2025-06-17 20:33:57,564 [INFO] PluginManager:220 - loadIPPluginJar : add ddr_ctrl_phy
2025-06-17 20:33:57,566 [INFO] IPUIPlugin:80 - create IPUIPlugin
2025-06-17 20:33:57,566 [INFO] PluginManager:220 - loadIPPluginJar : add dfsdm
2025-06-17 20:33:57,572 [INFO] IPUIPlugin:80 - create IPUIPlugin
2025-06-17 20:33:57,572 [INFO] PluginManager:220 - loadIPPluginJar : add dma
2025-06-17 20:33:57,575 [INFO] IPUIPlugin:80 - create IPUIPlugin
2025-06-17 20:33:57,576 [INFO] PluginManager:220 - loadIPPluginJar : add dma3
2025-06-17 20:33:57,579 [INFO] IPUIPlugin:80 - create IPUIPlugin
2025-06-17 20:33:57,580 [INFO] PluginManager:220 - loadIPPluginJar : add extmemmanager
2025-06-17 20:33:57,582 [INFO] IPUIPlugin:80 - create IPUIPlugin
2025-06-17 20:33:57,582 [INFO] PluginManager:220 - loadIPPluginJar : add fatfs
2025-06-17 20:33:57,586 [INFO] IPUIPlugin:80 - create IPUIPlugin
2025-06-17 20:33:57,586 [INFO] PluginManager:220 - loadIPPluginJar : add fmc
2025-06-17 20:33:57,591 [INFO] IPUIPlugin:80 - create IPUIPlugin
2025-06-17 20:33:57,591 [INFO] PluginManager:220 - loadIPPluginJar : add freertos
2025-06-17 20:33:57,592 [INFO] IPUIPlugin:80 - create IPUIPlugin
2025-06-17 20:33:57,594 [INFO] PluginManager:220 - loadIPPluginJar : add genericplugin
2025-06-17 20:33:57,596 [INFO] IPUIPlugin:80 - create IPUIPlugin
2025-06-17 20:33:57,596 [INFO] PluginManager:220 - loadIPPluginJar : add gfxmmu
2025-06-17 20:33:57,599 [INFO] IPUIPlugin:80 - create IPUIPlugin
2025-06-17 20:33:57,600 [INFO] PluginManager:220 - loadIPPluginJar : add gic
2025-06-17 20:33:57,604 [INFO] IPUIPlugin:80 - create IPUIPlugin
2025-06-17 20:33:57,604 [INFO] PluginManager:220 - loadIPPluginJar : add gpio
2025-06-17 20:33:57,606 [INFO] IPUIPlugin:80 - create IPUIPlugin
2025-06-17 20:33:57,606 [INFO] PluginManager:220 - loadIPPluginJar : add gtzc
2025-06-17 20:33:57,609 [INFO] IPUIPlugin:80 - create IPUIPlugin
2025-06-17 20:33:57,609 [INFO] PluginManager:220 - loadIPPluginJar : add hash
2025-06-17 20:33:57,612 [INFO] IPUIPlugin:80 - create IPUIPlugin
2025-06-17 20:33:57,613 [INFO] PluginManager:220 - loadIPPluginJar : add i2c
2025-06-17 20:33:57,615 [INFO] IPUIPlugin:80 - create IPUIPlugin
2025-06-17 20:33:57,615 [INFO] PluginManager:220 - loadIPPluginJar : add i2s
2025-06-17 20:33:57,618 [INFO] IPUIPlugin:80 - create IPUIPlugin
2025-06-17 20:33:57,618 [INFO] PluginManager:220 - loadIPPluginJar : add i3c
2025-06-17 20:33:57,621 [INFO] IPUIPlugin:80 - create IPUIPlugin
2025-06-17 20:33:57,622 [INFO] PluginManager:220 - loadIPPluginJar : add ipddr
2025-06-17 20:33:57,628 [INFO] IPUIPlugin:80 - create IPUIPlugin
2025-06-17 20:33:57,628 [INFO] PluginManager:220 - loadIPPluginJar : add linkedlist
2025-06-17 20:33:57,631 [INFO] IPUIPlugin:80 - create IPUIPlugin
2025-06-17 20:33:57,632 [INFO] PluginManager:220 - loadIPPluginJar : add lorawan
2025-06-17 20:33:57,635 [INFO] IPUIPlugin:80 - create IPUIPlugin
2025-06-17 20:33:57,635 [INFO] PluginManager:220 - loadIPPluginJar : add ltdc
2025-06-17 20:33:57,640 [INFO] IPUIPlugin:80 - create IPUIPlugin
2025-06-17 20:33:57,640 [INFO] PluginManager:220 - loadIPPluginJar : add mdma
2025-06-17 20:33:57,645 [INFO] IPUIPlugin:80 - create IPUIPlugin
2025-06-17 20:33:57,645 [INFO] PluginManager:220 - loadIPPluginJar : add nvic
2025-06-17 20:33:57,649 [INFO] IPUIPlugin:80 - create IPUIPlugin
2025-06-17 20:33:57,650 [INFO] PluginManager:220 - loadIPPluginJar : add opamp
2025-06-17 20:33:57,654 [INFO] IPUIPlugin:80 - create IPUIPlugin
2025-06-17 20:33:57,654 [INFO] PluginManager:220 - loadIPPluginJar : add openamp
2025-06-17 20:33:57,658 [INFO] IPUIPlugin:80 - create IPUIPlugin
2025-06-17 20:33:57,658 [INFO] PluginManager:220 - loadIPPluginJar : add pdm2pcm
2025-06-17 20:33:57,665 [INFO] IPUIPlugin:80 - create IPUIPlugin
2025-06-17 20:33:57,668 [INFO] PluginManager:220 - loadIPPluginJar : add plateformsettings
2025-06-17 20:33:57,670 [INFO] IPUIPlugin:80 - create IPUIPlugin
2025-06-17 20:33:57,670 [INFO] PluginManager:220 - loadIPPluginJar : add quadspi
2025-06-17 20:33:57,672 [INFO] IPUIPlugin:80 - create IPUIPlugin
2025-06-17 20:33:57,674 [INFO] PluginManager:220 - loadIPPluginJar : add radio
2025-06-17 20:33:57,678 [INFO] IPUIPlugin:80 - create IPUIPlugin
2025-06-17 20:33:57,678 [INFO] PluginManager:220 - loadIPPluginJar : add resmgrutility
2025-06-17 20:33:57,681 [INFO] IPUIPlugin:80 - create IPUIPlugin
2025-06-17 20:33:57,681 [INFO] PluginManager:220 - loadIPPluginJar : add sai
2025-06-17 20:33:57,684 [INFO] IPUIPlugin:80 - create IPUIPlugin
2025-06-17 20:33:57,684 [INFO] PluginManager:220 - loadIPPluginJar : add spi
2025-06-17 20:33:57,690 [INFO] IPUIPlugin:80 - create IPUIPlugin
2025-06-17 20:33:57,690 [INFO] PluginManager:220 - loadIPPluginJar : add stm32_wpan
2025-06-17 20:33:57,693 [INFO] IPUIPlugin:80 - create IPUIPlugin
2025-06-17 20:33:57,693 [INFO] PluginManager:220 - loadIPPluginJar : add tim
2025-06-17 20:33:57,696 [INFO] IPUIPlugin:80 - create IPUIPlugin
2025-06-17 20:33:57,697 [INFO] PluginManager:220 - loadIPPluginJar : add touchsensing
2025-06-17 20:33:57,699 [INFO] IPUIPlugin:80 - create IPUIPlugin
2025-06-17 20:33:57,699 [INFO] PluginManager:220 - loadIPPluginJar : add tracer_emb
2025-06-17 20:33:57,701 [INFO] IPUIPlugin:80 - create IPUIPlugin
2025-06-17 20:33:57,701 [INFO] PluginManager:220 - loadIPPluginJar : add ts
2025-06-17 20:33:57,703 [INFO] IPUIPlugin:80 - create IPUIPlugin
2025-06-17 20:33:57,703 [INFO] PluginManager:220 - loadIPPluginJar : add tsc
2025-06-17 20:33:57,705 [INFO] IPUIPlugin:80 - create IPUIPlugin
2025-06-17 20:33:57,705 [INFO] PluginManager:220 - loadIPPluginJar : add ucpd
2025-06-17 20:33:57,709 [INFO] IPUIPlugin:80 - create IPUIPlugin
2025-06-17 20:33:57,709 [INFO] PluginManager:220 - loadIPPluginJar : add usart
2025-06-17 20:33:57,713 [INFO] IPUIPlugin:80 - create IPUIPlugin
2025-06-17 20:33:57,714 [INFO] PluginManager:220 - loadIPPluginJar : add usbx
2025-06-17 20:33:57,849 [FATAL] Updater:351 - Updater called before beeing initialized
2025-06-17 20:33:57,879 [INFO] RulesReader:64 - Compatibility file has been processed (302 Rules)
2025-06-17 20:33:57,889 [INFO] RulesReader:64 - Compatibility file has been processed (302 Rules)
2025-06-17 20:33:57,897 [INFO] CADModel:165 - CPN selected for project level
2025-06-17 20:33:57,898 [INFO] CADModel:114 - Register for checkConnection events
2025-06-17 20:33:57,898 [FATAL] Updater:351 - Updater called before beeing initialized
2025-06-17 20:33:57,898 [ERROR] CADModel:125 - Updater not yet initialized, retry later 
2025-06-17 20:33:58,038 [FATAL] Updater:351 - Updater called before beeing initialized
2025-06-17 20:33:58,039 [INFO] CADModel:165 - CPN selected for project level
2025-06-17 20:33:58,039 [INFO] CADModel:114 - Register for checkConnection events
2025-06-17 20:33:58,039 [FATAL] Updater:351 - Updater called before beeing initialized
2025-06-17 20:33:58,039 [ERROR] CADModel:125 - Updater not yet initialized, retry later 
2025-06-17 20:33:58,043 [FATAL] Updater:351 - Updater called before beeing initialized
2025-06-17 20:33:58,168 [FATAL] Updater:351 - Updater called before beeing initialized
2025-06-17 20:33:58,172 [INFO] DbMcusAds:53 - JSON generation date=Wed May 07 06:07:55 BRT 2025 (1746608875484)
2025-06-17 20:33:58,172 [FATAL] Updater:351 - Updater called before beeing initialized
2025-06-17 20:33:58,206 [WARN] DetailPanel:346 - Failed to get advertising image, set to default
2025-06-17 20:33:58,500 [FATAL] Updater:351 - Updater called before beeing initialized
2025-06-17 20:33:58,501 [FATAL] Updater:351 - Updater called before beeing initialized
2025-06-17 20:33:58,501 [FATAL] Updater:351 - Updater called before beeing initialized
2025-06-17 20:33:58,501 [WARN] DetailPanel:346 - Failed to get advertising image, set to default
2025-06-17 20:33:58,502 [FATAL] Updater:351 - Updater called before beeing initialized
2025-06-17 20:33:58,552 [ERROR] Updater:1198 - MainUpdater not yet initialized. External WinMGr cannot be set.
2025-06-17 20:33:58,554 [INFO] Updater:1134 - Updater Version found : 6.14.1
2025-06-17 20:33:58,569 [INFO] ApplicationProperties:184 - Using Application install path: C:\ST\STM32CubeIDE_1.18.0\STM32CubeIDE\plugins\com.st.stm32cube.common.mx_6.14.1.202504091515
2025-06-17 20:33:59,137 [INFO] MainUpdater:2872 - connection check result : 10
2025-06-17 20:33:59,137 [INFO] MainUpdater:289 - Updater Check For Update Now.
2025-06-17 20:33:59,137 [INFO] MicroXplorer:498 - Change Database Version : DB.6.0.141
2025-06-17 20:33:59,143 [INFO] McuFinderGlobals:63 - Set McuFinder mode to 2 (CubeIDE integrated)
2025-06-17 20:33:59,145 [INFO] UserAuth:484 - Internet connection configuration mode: 1
2025-06-17 20:33:59,167 [INFO] JxBrowserEngine:152 - Initiate JxBrowser Engine with user profile folder
2025-06-17 20:33:59,346 [INFO] CheckServerUpdateThread:120 - End of CheckServer Thread
2025-06-17 20:33:59,347 [INFO] MainUpdater:2872 - connection check result : 10
2025-06-17 20:34:00,073 [INFO] ApiDb:581 - Connected to CubeFinder SQLite database (C:\Users\User\.stmcufinder\plugins\mcufinder\mcu\cube-finder-db.db)
2025-06-17 20:34:00,231 [INFO] ApiDb:668 - CubeFinder database Data Model version=2.1
2025-06-17 20:34:00,231 [INFO] ApiDb:669 - CubeFinder database Configuration version=3.0.39
2025-06-17 20:34:00,232 [INFO] ApiDb:670 - CubeFinder database generation date=2025-05-20 (1747743314)
2025-06-17 20:34:00,233 [INFO] ApiDb:671 - CubeFinder database FW Pack versions=[FP-ATR-ASTRA1_V2.0.0, FP-SNS-FLIGHT1_V5.1.0, FP-SNS-MOTENV1_V5.0.0, FP-SNS-MOTENVWB1_V1.4.0, FP-SNS-SMARTAG2_V1.2.0, FP-SNS-STBOX1_V2.0.0, STM32Cube_FW_C0_V1.4.0, STM32Cube_FW_F4_V1.28.2, STM32Cube_FW_F7_V1.17.3, STM32Cube_FW_G0_V1.6.2, STM32Cube_FW_G4_V1.6.1, STM32Cube_FW_H5_V1.5.0, STM32Cube_FW_H7RS_V1.2.0, STM32Cube_FW_H7_V1.12.1, STM32Cube_FW_L0_V1.12.2, STM32Cube_FW_L4_V1.18.1, STM32Cube_FW_L5_V1.5.1, STM32Cube_FW_N6_V1.1.1, STM32Cube_FW_U0_V1.2.0, STM32Cube_FW_U3_V1.1.0, STM32Cube_FW_U5_V1.7.0, STM32Cube_FW_WB0_V1.2.0, STM32Cube_FW_WBA_V1.6.0, STM32Cube_FW_WB_V1.22.0, STM32Cube_FW_WL3_V1.1.0, STM32Cube_FW_WL_V1.3.1, X-CUBE-ALGOBUILD_V1.4.0, X-CUBE-ALS_V1.0.2, X-CUBE-AZRTOS-F4_V1.1.0, X-CUBE-AZRTOS-F7_V1.1.0, X-CUBE-AZRTOS-G0_V1.1.0, X-CUBE-AZRTOS-G4_V2.0.0, X-CUBE-AZRTOS-H7RS_V1.1.0, X-CUBE-AZRTOS-H7_V3.3.0, X-CUBE-AZRTOS-L4_V2.0.0, X-CUBE-AZRTOS-L5_V2.0.0, X-CUBE-AZRTOS-WB_V2.0.0, X-CUBE-AZRTOS-WL_V2.0.0, X-CUBE-BLE1_V7.1.0, X-CUBE-BLE2_V3.3.0, X-CUBE-BLEMGR_V4.0.0, X-CUBE-EEPRMA1_V5.1.0, X-CUBE-FREERTOS_V1.3.1, X-CUBE-GNSS1_V6.0.0, X-CUBE-MEMS1_V11.2.0, X-CUBE-NFC4_V3.0.0, X-CUBE-NFC7_V2.0.0, X-CUBE-SFXS2LP1_V4.0.0, X-CUBE-SUBG2_V5.0.0, X-CUBE-TOF1_V3.4.3]
2025-06-17 20:34:00,408 [INFO] DbBoardsSqlite:226 - include board P-NUCLEO-WB55-NUCLEO as a kit item of type 'Nucleo-64'
2025-06-17 20:34:00,409 [INFO] DbBoardsSqlite:226 - include board P-NUCLEO-WB55-USBDONGLE as a kit item of type 'Nucleo USB Dongle'
2025-06-17 20:34:00,411 [INFO] DbBoardsSqlite:226 - include board STEVAL-IDP005V1 as a kit item of type 'Evaluation Board'
2025-06-17 20:34:00,413 [INFO] DbBoardsSqlite:226 - include board STEVAL-IDP005V2 as a kit item of type 'Evaluation Board'
2025-06-17 20:34:00,568 [INFO] ApiDb:240 - Found 895 in-development CPN: [B-G473E-ZEST1S, B-WB1M-WPAN1, B-WBA5M-WPAN, B-WL5M-SUBG1, NUCLEO-C031C6, NUCLEO-C051C8, NUCLEO-C071RB, NUCLEO-C092RC, NUCLEO-H503RB, NUCLEO-H533RE, NUCLEO-H563ZI, NUCLEO-H7S3L8, NUCLEO-N657X0-Q, NUCLEO-U031R8, NUCLEO-U083RC, NUCLEO-U385RG-Q, NUCLEO-U545RE-Q, NUCLEO-U5A5ZJ-Q, NUCLEO-WB05KZ, NUCLEO-WB07CC, NUCLEO-WB09KE, NUCLEO-WBA52CG, NUCLEO-WBA55CG, NUCLEO-WBA65RI, NUCLEO-WL33CC1, NUCLEO-WL33CC2, STEVAL-PROTEUS1, STEVAL-SMARTAG2, STEVAL-STWINBX1, STM320518-EVAL, STM32C0116-DK, STM32C011D6Y3TR, STM32C011D6Y6TR, STM32C011F4P3, STM32C011F4P6, STM32C011F4U3, STM32C011F4U6TR, STM32C011F6P3, STM32C011F6P6, STM32C011F6U3, STM32C011F6U6TR, STM32C011J4M3, STM32C011J4M6, STM32C011J6M3, STM32C011J6M6, STM32C0316-DK, STM32C031C4T3, STM32C031C4T6, STM32C031C4U3, STM32C031C4U6, STM32C031C6T3, STM32C031C6T6, STM32C031C6U3, STM32C031C6U6, STM32C031F4P3, STM32C031F4P6, STM32C031F6P3, STM32C031F6P6, STM32C031G4U3, STM32C031G4U6, STM32C031G6U3, STM32C031G6U6, STM32C031K4T3, STM32C031K4T6, STM32C031K4U3, STM32C031K4U6, STM32C031K6T3, STM32C031K6T6, STM32C031K6U3, STM32C031K6U6, STM32C051C6T6, STM32C051C6U6, STM32C051C8T6, STM32C051C8U6, STM32C051D8Y6TR, STM32C051F6P6, STM32C051F8P6, STM32C051G6U6, STM32C051G8U6, STM32C051K6T6, STM32C051K6U6, STM32C051K8T6, STM32C071C8T6, STM32C071C8T6N, STM32C071C8U6, STM32C071C8U6N, STM32C071CBT6, STM32C071CBT6N, STM32C071CBU6, STM32C071CBU6N, STM32C071F8P6, STM32C071F8P6N, STM32C071FBP6, STM32C071FBP6N, STM32C071FBY6TR, STM32C071G8U6, STM32C071G8U6N, STM32C071GBU6, STM32C071GBU6N, STM32C071K8T6, STM32C071K8T6N, STM32C071K8U6, STM32C071K8U6N, STM32C071KBT6, STM32C071KBT6N, STM32C071KBU6, STM32C071KBU6N, STM32C071R8T6, STM32C071R8T6N, STM32C071RBI6N, STM32C071RBT6, STM32C071RBT6N, STM32C091CBT6, STM32C091CBU6, STM32C091CCT6, STM32C091CCU6, STM32C091ECY6TR, STM32C091FBP6, STM32C091FCP6, STM32C091GBU6, STM32C091GCU6, STM32C091KBT6, STM32C091KBU6, STM32C091KCT6, STM32C091KCU6, STM32C091RBT6, STM32C091RCI6, STM32C091RCT6, STM32C092CBT6, STM32C092CBU6, STM32C092CCT6, STM32C092CCU6, STM32C092ECY6TR, STM32C092FBP6, STM32C092FCP6, STM32C092GBU6, STM32C092GCU6, STM32C092KBT6, STM32C092KBU6, STM32C092KCT6, STM32C092KCU6, STM32C092RBT6, STM32C092RCI6, STM32C092RCT6, STM32G071K8TXN, STM32G071K8UXN, STM32G081GBU6N, STM32G081KBT6N, STM32G081KBUXN, STM32G0B1CCT6N, STM32G0B1KCT6, STM32G0B1NEY6TR, STM32G0B1RCT6N, STM32G0C1CCT6, STM32G0C1CCT6N, STM32G0C1CCU6N, STM32G0C1CET6N, STM32G0C1CEU6N, STM32G0C1KCT6, STM32G0C1NEY6TR, STM32G0C1RCI6N, STM32G0C1RCT6N, STM32G0C1REI6N, STM32G0C1RET6N, STM32G0C1VCI6, STM32G0C1VEI6, STM32G411C6T3, STM32G411C6T6, STM32G411C6U3, STM32G411C6U6, STM32G411C8T3, STM32G411C8T6, STM32G411C8U3, STM32G411C8U6, STM32G411CBT3, STM32G411CBT6, STM32G411CBU3, STM32G411CBU6, STM32G411CCT3, STM32G411CCT6, STM32G411CCU3, STM32G411CCU6, STM32G411K6T3, STM32G411K6T6, STM32G411K6U3, STM32G411K6U6, STM32G411K8T3, STM32G411K8T6, STM32G411K8U3, STM32G411K8U6, STM32G411KBT3, STM32G411KBT6, STM32G411KBU3, STM32G411KBU6, STM32G411M6T3, STM32G411M6T6, STM32G411M8T3, STM32G411M8T6, STM32G411MBT3, STM32G411MBT6, STM32G411MCT3, STM32G411MCT6, STM32G411R6T3, STM32G411R6T6, STM32G411R8T3, STM32G411R8T6, STM32G411RBT3, STM32G411RBT6, STM32G411RCT3, STM32G411RCT6, STM32G414CBT3, STM32G414CBT6, STM32G414CBU3, STM32G414CBU6, STM32G414CCT3, STM32G414CCT6, STM32G414CCU3, STM32G414CCU6, STM32G414MBT3, STM32G414MBT6, STM32G414MCT3, STM32G414MCT6, STM32G414RBT3, STM32G414RBT6, STM32G414RCT3, STM32G414RCT6, STM32G414VBT3, STM32G414VBT6, STM32G414VCT3, STM32G414VCT6, STM32G431CBT3Z, STM32G431RBT3Z, STM32G471CCT6, STM32G471CCU6, STM32G471CET3, STM32G471CET6, STM32G471CEU3, STM32G471CEU6, STM32G471MCT6, STM32G471MET3, STM32G471MET6, STM32G471MEY6TR, STM32G471QCT6, STM32G471QET3, STM32G471RCT6, STM32G471RET3, STM32G471RET6, STM32G471VCH6, STM32G471VCI6, STM32G471VCT6, STM32G471VEH3, STM32G471VEH6, STM32G471VEI3, STM32G471VEI6, STM32G471VET3, STM32G471VET6, STM32G473QET3Z, STM32G473RET3Z, STM32G474CCT6, STM32G491RET3Z, STM32H503CBT6, STM32H503CBU6, STM32H503EBY6TR, STM32H503KBU6, STM32H503RBT6, STM32H523CCT6, STM32H523CCU6, STM32H523CET6, STM32H523CEU6, STM32H523HEY6TR, STM32H523RCT6, STM32H523RET6, STM32H523VCI6, STM32H523VCT6, STM32H523VEI6, STM32H523VET6, STM32H523ZCJ6, STM32H523ZCT6, STM32H523ZEJ6, STM32H523ZET6, STM32H533CET6, STM32H533CEU6, STM32H533HEY6TR, STM32H533RET6, STM32H533VEI6, STM32H533VET6, STM32H533ZEJ6, STM32H533ZET6, STM32H562AGI6, STM32H562AII6, STM32H562IGK6, STM32H562IGT6, STM32H562IIK6, STM32H562IIT6, STM32H562RGT6, STM32H562RGV6, STM32H562RIT6, STM32H562RIV6, STM32H562VGT6, STM32H562VIT6, STM32H562ZGT6, STM32H562ZIT6, STM32H563AGI6, STM32H563AII3Q, STM32H563AII6, STM32H563IGK6, STM32H563IGT6, STM32H563IIK3Q, STM32H563IIK6, STM32H563IIT3Q, STM32H563IIT6, STM32H563MIY3QTR, STM32H563RGT6, STM32H563RGV6, STM32H563RIT6, STM32H563RIV6, STM32H563VGT6, STM32H563VIT3Q, STM32H563VIT6, STM32H563ZGT6, STM32H563ZIT3Q, STM32H563ZIT6, STM32H573AII3Q, STM32H573AII6, STM32H573I-DK, STM32H573IIK3Q, STM32H573IIK6, STM32H573IIT3Q, STM32H573IIT6, STM32H573MIY3QTR, STM32H573RIT6, STM32H573RIV6, STM32H573VIT3Q, STM32H573VIT6, STM32H573ZIT3Q, STM32H573ZIT6, STM32H7R3A8I6, STM32H7R3I8K6, STM32H7R3I8T6, STM32H7R3L8H6, STM32H7R3L8H6H, STM32H7R3R8V6, STM32H7R3V8H6, STM32H7R3V8T6, STM32H7R3V8Y6TR, STM32H7R3Z8J6, STM32H7R3Z8T6, STM32H7R7A8I6, STM32H7R7I8K6, STM32H7R7I8T6, STM32H7R7L8H6, STM32H7R7L8H6H, STM32H7R7Z8J6, STM32H7S3A8I6, STM32H7S3I8K6, STM32H7S3I8T6, STM32H7S3L8H6, STM32H7S3L8H6H, STM32H7S3R8V6, STM32H7S3V8H6, STM32H7S3V8T6, STM32H7S3V8Y6TR, STM32H7S3Z8J6, STM32H7S3Z8T6, STM32H7S78-DK, STM32H7S7A8I6, STM32H7S7I8K6, STM32H7S7I8T6, STM32H7S7L8H6, STM32H7S7L8H6H, STM32H7S7Z8J6, STM32L4R5QGI6STR, STM32MP131AAE3, STM32MP131AAF3, STM32MP131AAG3, STM32MP131CAE3, STM32MP131CAF3, STM32MP131CAG3, STM32MP131DAE7, STM32MP131DAF7, STM32MP131DAG7, STM32MP131FAE7, STM32MP131FAF7, STM32MP131FAG7, STM32MP133AAE3, STM32MP133AAF3, STM32MP133AAG3, STM32MP133CAE3, STM32MP133CAF3, STM32MP133CAG3, STM32MP133DAE7, STM32MP133DAF7, STM32MP133DAG7, STM32MP133FAE7, STM32MP133FAF7, STM32MP133FAG7, STM32MP135AAE3, STM32MP135AAF3, STM32MP135AAG3, STM32MP135CAE3, STM32MP135CAF3, STM32MP135CAG3, STM32MP135DAE7, STM32MP135DAF7, STM32MP135DAG7, STM32MP135F-DK, STM32MP135FAE7, STM32MP135FAF7, STM32MP135FAF7T, STM32MP135FAF7U, STM32MP135FAG7, STM32MP231AAJ3, STM32MP231AAK3, STM32MP231AAL3, STM32MP231CAJ3, STM32MP231CAK3, STM32MP231CAL3, STM32MP231DAJ3, STM32MP231DAK3, STM32MP231DAL3, STM32MP231FAJ3, STM32MP231FAK3, STM32MP231FAL3, STM32MP233AAJ3, STM32MP233AAK3, STM32MP233AAL3, STM32MP233CAJ3, STM32MP233CAK3, STM32MP233CAL3, STM32MP233DAJ3, STM32MP233DAK3, STM32MP233DAL3, STM32MP233FAJ3, STM32MP233FAK3, STM32MP233FAL3, STM32MP235AAJ3, STM32MP235AAK3, STM32MP235AAL3, STM32MP235CAJ3, STM32MP235CAK3, STM32MP235CAL3, STM32MP235DAJ3, STM32MP235DAK3, STM32MP235DAL3, STM32MP235FAJ3, STM32MP235FAK3, STM32MP235FAL3, STM32MP251AAI3, STM32MP251AAJ3, STM32MP251AAK3, STM32MP251AAL3, STM32MP251CAI3, STM32MP251CAJ3, STM32MP251CAK3, STM32MP251CAL3, STM32MP251DAI3, STM32MP251DAJ3, STM32MP251DAK3, STM32MP251DAL3, STM32MP251FAI3, STM32MP251FAJ3, STM32MP251FAK3, STM32MP251FAL3, STM32MP253AAI3, STM32MP253AAJ3, STM32MP253AAK3, STM32MP253AAL3, STM32MP253CAI3, STM32MP253CAJ3, STM32MP253CAK3, STM32MP253CAL3, STM32MP253DAI3, STM32MP253DAJ3, STM32MP253DAK3, STM32MP253DAL3, STM32MP253FAI3, STM32MP253FAJ3, STM32MP253FAK3, STM32MP253FAL3, STM32MP255AAI3, STM32MP255AAJ3, STM32MP255AAK3, STM32MP255AAL3, STM32MP255CAI3, STM32MP255CAJ3, STM32MP255CAK3, STM32MP255CAL3, STM32MP255DAI3, STM32MP255DAJ3, STM32MP255DAK3, STM32MP255DAL3, STM32MP255FAI3, STM32MP255FAJ3, STM32MP255FAK3, STM32MP255FAL3, STM32MP257AAI3, STM32MP257AAJ3, STM32MP257AAK3, STM32MP257AAL3, STM32MP257CAI3, STM32MP257CAJ3, STM32MP257CAK3, STM32MP257CAL3, STM32MP257DAI3, STM32MP257DAJ3, STM32MP257DAK3, STM32MP257DAL3, STM32MP257F-DK, STM32MP257F-EV1, STM32MP257FAI3, STM32MP257FAJ3, STM32MP257FAK3, STM32MP257FAL3, STM32N645A0H3Q, STM32N645B0H3Q, STM32N645I0H3Q, STM32N645L0H3Q, STM32N645X0H3Q, STM32N645Z0H3Q, STM32N647A0H3Q, STM32N647B0H3Q, STM32N647I0H3Q, STM32N647L0H3Q, STM32N647X0H3Q, STM32N647Z0H3Q, STM32N655A0H3Q, STM32N655B0H3Q, STM32N655I0H3Q, STM32N655L0H3Q, STM32N655X0H3Q, STM32N655Z0H3Q, STM32N6570-DK, STM32N657A0H3Q, STM32N657B0H3Q, STM32N657I0H3Q, STM32N657L0H3Q, STM32N657X0H3Q, STM32N657Z0H3Q, STM32U031C6T6, STM32U031C6U6, STM32U031C8T6, STM32U031C8U6, STM32U031F4P6, STM32U031F6P6, STM32U031F8P6, STM32U031G6Y6TR, STM32U031G8Y6TR, STM32U031K4U6, STM32U031K6U6, STM32U031K8U6, STM32U031R6I6, STM32U031R6T6, STM32U031R8I6, STM32U031R8T6, STM32U073C8T6, STM32U073C8U6, STM32U073CBT6, STM32U073CBU6, STM32U073CCT6, STM32U073CCU6, STM32U073H8Y6TR, STM32U073HBY6TR, STM32U073HCY6TR, STM32U073K8U6, STM32U073KBU6, STM32U073KCU6, STM32U073M8I6, STM32U073M8T6, STM32U073MBI6, STM32U073MBT6, STM32U073MCI6, STM32U073MCT6, STM32U073R8I6, STM32U073R8T6, STM32U073RBI6, STM32U073RBT6, STM32U073RCI6, STM32U073RCT6, STM32U083C-DK, STM32U083CCT6, STM32U083CCU6, STM32U083HCY6TR, STM32U083KCU6, STM32U083MCI6, STM32U083MCT6, STM32U083RCI6, STM32U083RCT6, STM32U375CET6, STM32U375CET6Q, STM32U375CEU6, STM32U375CEU6Q, STM32U375CEY6QTR, STM32U375CGT6, STM32U375CGT6Q, STM32U375CGU6, STM32U375CGU6Q, STM32U375CGY6QTR, STM32U375KEU6, STM32U375KGU6, STM32U375REI6, STM32U375REI6Q, STM32U375RET6, STM32U375RET6Q, STM32U375REY6GTR, STM32U375REY6QTR, STM32U375RGI6, STM32U375RGI6Q, STM32U375RGT6, STM32U375RGT6Q, STM32U375RGY6GTR, STM32U375RGY6QTR, STM32U375VEI6, STM32U375VEI6Q, STM32U375VET6, STM32U375VET6Q, STM32U375VGI6, STM32U375VGI6Q, STM32U375VGT6, STM32U375VGT6Q, STM32U385CGT6, STM32U385CGT6Q, STM32U385CGU6, STM32U385CGU6Q, STM32U385CGY6QTR, STM32U385KGU6, STM32U385RGI6, STM32U385RGI6Q, STM32U385RGT6, STM32U385RGT6Q, STM32U385RGY6GTR, STM32U385RGY6QTR, STM32U385VGI6, STM32U385VGI6Q, STM32U385VGT6, STM32U385VGT6Q, STM32U535CBT6, STM32U535CBT6Q, STM32U535CBU6, STM32U535CBU6Q, STM32U535CCT6, STM32U535CCT6Q, STM32U535CCU6, STM32U535CCU6Q, STM32U535CET6, STM32U535CET6Q, STM32U535CEU6, STM32U535CEU6Q, STM32U535JEY6QTR, STM32U535NCY6QTR, STM32U535NEY6QTR, STM32U535RBI6, STM32U535RBI6Q, STM32U535RBT6, STM32U535RBT6Q, STM32U535RCI6, STM32U535RCI6Q, STM32U535RCT6, STM32U535RCT6Q, STM32U535REI6, STM32U535REI6Q, STM32U535RET6, STM32U535RET6Q, STM32U535VCI6, STM32U535VCI6Q, STM32U535VCT6, STM32U535VCT6Q, STM32U535VEI6, STM32U535VEI6Q, STM32U535VET6, STM32U535VET6Q, STM32U545CET6, STM32U545CET6Q, STM32U545CEU6, STM32U545CEU6Q, STM32U545JEY6QTR, STM32U545NEY6QTR, STM32U545REI6, STM32U545REI6Q, STM32U545RET6, STM32U545RET6Q, STM32U545VEI6, STM32U545VEI6Q, STM32U545VET6, STM32U545VET6Q, STM32U595AIH6, STM32U595AIH6Q, STM32U595AJH6, STM32U595AJH6Q, STM32U595QII6, STM32U595QII6Q, STM32U595QJI6, STM32U595QJI6Q, STM32U595RIT6, STM32U595RIT6Q, STM32U595RJT6, STM32U595RJT6Q, STM32U595VIT6, STM32U595VIT6Q, STM32U595VJT6, STM32U595VJT6Q, STM32U595ZIT6, STM32U595ZIT6Q, STM32U595ZIY6QTR, STM32U595ZJT6, STM32U595ZJT6Q, STM32U595ZJY6QTR, STM32U599BJY6QTR, STM32U599NIH6Q, STM32U599NJH6Q, STM32U599VIT6Q, STM32U599VJT6, STM32U599VJT6Q, STM32U599ZIT6Q, STM32U599ZIY6QTR, STM32U599ZJT6Q, STM32U599ZJY6QTR, STM32U5A5AJH6, STM32U5A5AJH6Q, STM32U5A5QII3Q , STM32U5A5QJI6, STM32U5A5QJI6Q, STM32U5A5RJT6, STM32U5A5RJT6Q, STM32U5A5VJT6, STM32U5A5VJT6Q, STM32U5A5ZJT6, STM32U5A5ZJT6Q, STM32U5A5ZJY6QTR, STM32U5A9BJY6QTR, STM32U5A9J-DK, STM32U5A9NJH6Q, STM32U5A9VJT6Q, STM32U5A9ZJT6Q, STM32U5A9ZJY6QTR, STM32U5F7VIT6, STM32U5F7VIT6Q, STM32U5F7VJT6, STM32U5F7VJT6Q, STM32U5F9BJY6QTR, STM32U5F9NJH6Q, STM32U5F9VIT6Q, STM32U5F9VJT6Q, STM32U5F9ZIJ6QTR, STM32U5F9ZIT6Q, STM32U5F9ZJJ6QTR, STM32U5F9ZJT6Q, STM32U5G7VJT6, STM32U5G7VJT6Q, STM32U5G9BJY6QTR, STM32U5G9J-DK1, STM32U5G9J-DK2, STM32U5G9NJH6Q, STM32U5G9VJT6Q, STM32U5G9ZJJ6QTR, STM32U5G9ZJT6Q, STM32WB05KZV6TR, STM32WB05KZV7TR, STM32WB05TZF6TR, STM32WB05TZF7TR, STM32WB06CCF6TR, STM32WB06CCF7TR, STM32WB06CCV6TR, STM32WB06CCV7TR, STM32WB06KCV6TR, STM32WB06KCV7TR, STM32WB07CCF6TR, STM32WB07CCF7TR, STM32WB07CCV6TR, STM32WB07CCV7TR, STM32WB07KCV6TR, STM32WB07KCV7TR, STM32WB09KEV6TR, STM32WB09KEV7TR, STM32WB09TEF6TR, STM32WB09TEF7TR, STM32WB1MMCH6, STM32WBA50KGU6, STM32WBA50KGU6TR, STM32WBA52CEU6, STM32WBA52CEU6TR, STM32WBA52CEU7, STM32WBA52CEU7TR, STM32WBA52CGU6, STM32WBA52CGU6TR, STM32WBA52CGU6U, STM32WBA52CGU7, STM32WBA52CGU7TR, STM32WBA52KEU6, STM32WBA52KEU6TR, STM32WBA52KGU6, STM32WBA52KGU6TR, STM32WBA54CEU6, STM32WBA54CEU6TR, STM32WBA54CEU7, STM32WBA54CEU7TR, STM32WBA54CGU6, STM32WBA54CGU6TR, STM32WBA54CGU7, STM32WBA54CGU7TR, STM32WBA54KEU6, STM32WBA54KEU6TR, STM32WBA54KEU7, STM32WBA54KEU7TR, STM32WBA54KGU6, STM32WBA54KGU6TR, STM32WBA54KGU7, STM32WBA54KGU7TR, STM32WBA55CEU6, STM32WBA55CEU6TR, STM32WBA55CEU7, STM32WBA55CEU7TR, STM32WBA55CGU6, STM32WBA55CGU6TR, STM32WBA55CGU6U, STM32WBA55CGU7, STM32WBA55CGU7TR, STM32WBA55G-DK1, STM32WBA55HEF6, STM32WBA55HEF7, STM32WBA55HGF6, STM32WBA55HGF7, STM32WBA55UEI6, STM32WBA55UEI6TR, STM32WBA55UEI7, STM32WBA55UEI7TR, STM32WBA55UGI6, STM32WBA55UGI6TR, STM32WBA55UGI7, STM32WBA55UGI7TR, STM32WBA5MJGH6TR, STM32WBA62CGU6, STM32WBA62CIU6, STM32WBA62MGF6, STM32WBA62MIF6, STM32WBA62PGI6, STM32WBA62PII6, STM32WBA63CGU6, STM32WBA63CGU7, STM32WBA63CIU6, STM32WBA63CIU7, STM32WBA64CGU6, STM32WBA64CGU7, STM32WBA64CIU6, STM32WBA64CIU7, STM32WBA65CGU6, STM32WBA65CGU7, STM32WBA65CIU6, STM32WBA65CIU7, STM32WBA65I-DK1, STM32WBA65MGF6, STM32WBA65MGF7, STM32WBA65MIF6, STM32WBA65MIF7, STM32WBA65PGI6, STM32WBA65PGI7, STM32WBA65PII6, STM32WBA65PII7, STM32WBA65RGV6, STM32WBA65RGV7, STM32WBA65RIV6, STM32WBA65RIV7, STM32WL30K8V6, STM32WL30KBV6, STM32WL31C8V6, STM32WL31CBV6, STM32WL31K8V6, STM32WL31KBV6, STM32WL33C8V6, STM32WL33C8V6TR, STM32WL33C8V7, STM32WL33C8V7TR, STM32WL33CBV6, STM32WL33CBV6TR, STM32WL33CBV7, STM32WL33CBV7TR, STM32WL33CCV6, STM32WL33CCV6TR, STM32WL33CCV7, STM32WL33CCV7A, STM32WL33CCV7ATR, STM32WL33CCV7TR, STM32WL33K8V6, STM32WL33K8V6TR, STM32WL33K8V7, STM32WL33K8V7TR, STM32WL33KBV6, STM32WL33KBV6TR, STM32WL33KBV7, STM32WL33KBV7TR, STM32WL33KCV6, STM32WL33KCV6TR, STM32WL33KCV7, STM32WL33KCV7TR, STM32WL5MOCH6, STM32WL5MOCH6TR]
2025-06-17 20:34:00,656 [INFO] WebApp:169 - Instantiating new browser for Auth
2025-06-17 20:34:00,911 [WARN] PackLoader:240 - Cannot read IP mode file for STMicroelectronics.FP-SNS-MOTENVWB1.1.4.0
2025-06-17 20:34:00,974 [WARN] PackLoader:240 - Cannot read IP mode file for STMicroelectronics.FP-ATR-ASTRA1.2.0.2
2025-06-17 20:34:01,013 [WARN] PackLoader:240 - Cannot read IP mode file for STMicroelectronics.FP-ATR-ASTRA1.2.0.1
2025-06-17 20:34:01,051 [WARN] PackLoader:240 - Cannot read IP mode file for STMicroelectronics.X-CUBE-SMBUS.2.1.0
2025-06-17 20:34:01,069 [WARN] PackLoader:240 - Cannot read IP mode file for STMicroelectronics.X-CUBE-WB05N.1.1.0
2025-06-17 20:34:01,084 [WARN] PackLoader:240 - Cannot read IP mode file for STMicroelectronics.X-CUBE-ST60.1.0.0
2025-06-17 20:34:01,094 [WARN] PackLoader:240 - Cannot read IP mode file for STMicroelectronics.X-CUBE-TOUCHGFX.4.23.0
2025-06-17 20:34:01,100 [WARN] PackLoader:240 - Cannot read IP mode file for STMicroelectronics.X-CUBE-TOUCHGFX.4.23.2
2025-06-17 20:34:01,170 [WARN] PackLoader:240 - Cannot read IP mode file for STMicroelectronics.X-CUBE-AZRTOS-F7.1.1.0
2025-06-17 20:34:01,202 [WARN] PackLoader:240 - Cannot read IP mode file for STMicroelectronics.FP-SNS-MOTENV1.4.3.2
2025-06-17 20:34:01,327 [WARN] PackLoader:240 - Cannot read IP mode file for STMicroelectronics.X-CUBE-MEMS1.11.0.0
2025-06-17 20:34:01,381 [INFO] BoardInfo:889 - No configuration file found for board P-NUCLEO-WB55
2025-06-17 20:34:01,385 [INFO] DbBoards:161 - Kit is not supported: P-NUCLEO-WB55
2025-06-17 20:34:01,410 [INFO] BoardInfo:889 - No configuration file found for board STEVAL-BFA001V1B
2025-06-17 20:34:01,415 [INFO] DbBoards:161 - Kit is not supported: STEVAL-BFA001V1B
2025-06-17 20:34:01,419 [INFO] BoardInfo:889 - No configuration file found for board STEVAL-BFA001V2B
2025-06-17 20:34:01,442 [INFO] DbBoards:161 - Kit is not supported: STEVAL-BFA001V2B
2025-06-17 20:34:01,700 [WARN] PackLoader:240 - Cannot read IP mode file for STMicroelectronics.FP-SNS-FLIGHT1.5.0.2
2025-06-17 20:34:01,710 [WARN] PackLoader:240 - Cannot read IP mode file for STMicroelectronics.X-CUBE-DISPLAY.3.0.0
2025-06-17 20:34:01,728 [WARN] PackLoader:240 - Cannot read IP mode file for STMicroelectronics.X-CUBE-BLE1.7.0.0
2025-06-17 20:34:01,739 [WARN] PackLoader:240 - Cannot read IP mode file for STMicroelectronics.X-CUBE-NFC10.1.0.0
2025-06-17 20:34:01,757 [WARN] PackLoader:240 - Cannot read IP mode file for STMicroelectronics.X-CUBE-BLEMGR.4.0.0
2025-06-17 20:34:01,776 [WARN] PackLoader:240 - Cannot read IP mode file for emotas.I-CUBE-CANOPEN.1.3.0
2025-06-17 20:34:01,791 [WARN] PackLoader:240 - Cannot read IP mode file for STMicroelectronics.X-CUBE-BLEMGR.3.1.0
2025-06-17 20:34:01,803 [WARN] PackLoader:240 - Cannot read IP mode file for STMicroelectronics.X-CUBE-AI.10.0.0
2025-06-17 20:34:01,815 [WARN] PackLoader:240 - Cannot read IP mode file for STMicroelectronics.FP-SNS-SMARTAG2.1.2.0
2025-06-17 20:34:01,823 [WARN] PackLoader:240 - Cannot read IP mode file for STMicroelectronics.FP-SNS-FLIGHT1.5.1.0
2025-06-17 20:34:01,913 [WARN] PackLoader:240 - Cannot read IP mode file for STMicroelectronics.X-CUBE-MEMS1.11.1.0
2025-06-17 20:34:02,125 [INFO] LogOutputStream:77 - [STDOUT_REDIRECT] 1 : Invalid condition id : UX_CORESTACK_Condition cause : null
2025-06-17 20:34:02,128 [INFO] LogOutputStream:77 - [STDOUT_REDIRECT] 1 : Invalid condition id : UX_CORESTACK_Condition cause : null
2025-06-17 20:34:02,130 [INFO] LogOutputStream:77 - [STDOUT_REDIRECT] 1 : Invalid condition id : UX_CORESTACK_Condition cause : null
2025-06-17 20:34:02,132 [INFO] LogOutputStream:77 - [STDOUT_REDIRECT] 1 : Invalid condition id : UX_CORESTACK_Condition cause : null
2025-06-17 20:34:02,134 [INFO] LogOutputStream:77 - [STDOUT_REDIRECT] 1 : Invalid condition id : UX_CORESTACK_Condition cause : null
2025-06-17 20:34:02,138 [WARN] PackLoader:240 - Cannot read IP mode file for STMicroelectronics.X-CUBE-AZRTOS-WL.2.0.0
2025-06-17 20:34:02,149 [WARN] PackLoader:240 - Cannot read IP mode file for STMicroelectronics.FP-SNS-MOTENV1.5.0.0
2025-06-17 20:34:02,160 [WARN] PackLoader:240 - Cannot read IP mode file for wolfSSL.I-CUBE-wolfMQTT.1.19.0
2025-06-17 20:34:02,169 [INFO] DbBoards:168 - Found 211 boards, 208 are supported
2025-06-17 20:34:02,169 [INFO] DbBoards:169 - Found 211 boards, 43 of them is supported for  Bsp
2025-06-17 20:34:02,172 [WARN] PackLoader:240 - Cannot read IP mode file for WES.I-CUBE-Cesium.1.3.0
2025-06-17 20:34:02,181 [INFO] ApiDb:668 - CubeFinder database Data Model version=2.1
2025-06-17 20:34:02,182 [INFO] ApiDb:669 - CubeFinder database Configuration version=3.0.39
2025-06-17 20:34:02,182 [INFO] ApiDb:670 - CubeFinder database generation date=2025-05-20 (1747743314)
2025-06-17 20:34:02,182 [INFO] ApiDb:671 - CubeFinder database FW Pack versions=[FP-ATR-ASTRA1_V2.0.0, FP-SNS-FLIGHT1_V5.1.0, FP-SNS-MOTENV1_V5.0.0, FP-SNS-MOTENVWB1_V1.4.0, FP-SNS-SMARTAG2_V1.2.0, FP-SNS-STBOX1_V2.0.0, STM32Cube_FW_C0_V1.4.0, STM32Cube_FW_F4_V1.28.2, STM32Cube_FW_F7_V1.17.3, STM32Cube_FW_G0_V1.6.2, STM32Cube_FW_G4_V1.6.1, STM32Cube_FW_H5_V1.5.0, STM32Cube_FW_H7RS_V1.2.0, STM32Cube_FW_H7_V1.12.1, STM32Cube_FW_L0_V1.12.2, STM32Cube_FW_L4_V1.18.1, STM32Cube_FW_L5_V1.5.1, STM32Cube_FW_N6_V1.1.1, STM32Cube_FW_U0_V1.2.0, STM32Cube_FW_U3_V1.1.0, STM32Cube_FW_U5_V1.7.0, STM32Cube_FW_WB0_V1.2.0, STM32Cube_FW_WBA_V1.6.0, STM32Cube_FW_WB_V1.22.0, STM32Cube_FW_WL3_V1.1.0, STM32Cube_FW_WL_V1.3.1, X-CUBE-ALGOBUILD_V1.4.0, X-CUBE-ALS_V1.0.2, X-CUBE-AZRTOS-F4_V1.1.0, X-CUBE-AZRTOS-F7_V1.1.0, X-CUBE-AZRTOS-G0_V1.1.0, X-CUBE-AZRTOS-G4_V2.0.0, X-CUBE-AZRTOS-H7RS_V1.1.0, X-CUBE-AZRTOS-H7_V3.3.0, X-CUBE-AZRTOS-L4_V2.0.0, X-CUBE-AZRTOS-L5_V2.0.0, X-CUBE-AZRTOS-WB_V2.0.0, X-CUBE-AZRTOS-WL_V2.0.0, X-CUBE-BLE1_V7.1.0, X-CUBE-BLE2_V3.3.0, X-CUBE-BLEMGR_V4.0.0, X-CUBE-EEPRMA1_V5.1.0, X-CUBE-FREERTOS_V1.3.1, X-CUBE-GNSS1_V6.0.0, X-CUBE-MEMS1_V11.2.0, X-CUBE-NFC4_V3.0.0, X-CUBE-NFC7_V2.0.0, X-CUBE-SFXS2LP1_V4.0.0, X-CUBE-SUBG2_V5.0.0, X-CUBE-TOF1_V3.4.3]
2025-06-17 20:34:02,184 [WARN] PackLoader:240 - Cannot read IP mode file for STMicroelectronics.X-CUBE-BLE2.3.3.0
2025-06-17 20:34:02,224 [WARN] PackLoader:240 - Cannot read IP mode file for STMicroelectronics.X-CUBE-NFC9.1.0.0
2025-06-17 20:34:02,239 [WARN] PackLoader:240 - Cannot read IP mode file for STMicroelectronics.X-CUBE-BLE1.7.1.0
2025-06-17 20:34:02,254 [WARN] PackLoader:240 - Cannot read IP mode file for STMicroelectronics.X-CUBE-TCPP.4.1.0
2025-06-17 20:34:02,266 [WARN] PackLoader:240 - Cannot read IP mode file for STMicroelectronics.X-CUBE-AI.10.1.0
2025-06-17 20:34:02,276 [WARN] PackLoader:240 - Cannot read IP mode file for STMicroelectronics.X-CUBE-ALGOBUILD.1.3.0
2025-06-17 20:34:02,504 [WARN] PackLoader:240 - Cannot read IP mode file for STMicroelectronics.X-CUBE-MEMS1.11.2.0
2025-06-17 20:34:02,740 [WARN] PackLoader:240 - Cannot read IP mode file for STMicroelectronics.X-CUBE-AZRTOS-G0.1.1.0
2025-06-17 20:34:02,753 [INFO] WebApp:463 - Apply proxy settings
2025-06-17 20:34:02,753 [INFO] WebApp:548 - Chromium requires no authentication
2025-06-17 20:34:02,757 [WARN] PackLoader:240 - Cannot read IP mode file for STMicroelectronics.X-CUBE-SAFEA1.1.2.2
2025-06-17 20:34:02,769 [WARN] PackLoader:240 - Cannot read IP mode file for STMicroelectronics.X-CUBE-NFC4.3.0.0
2025-06-17 20:34:02,775 [INFO] WebApp:491 - Direct internet connection detected
2025-06-17 20:34:02,786 [WARN] PackLoader:240 - Cannot read IP mode file for EmbeddedOffice.I-CUBE-FS-RTOS.1.0.1
2025-06-17 20:34:02,796 [WARN] PackLoader:240 - Cannot read IP mode file for STMicroelectronics.X-CUBE-WB05N.2.0.0
2025-06-17 20:34:02,812 [WARN] PackLoader:240 - Cannot read IP mode file for STMicroelectronics.X-CUBE-BLEMGR.3.0.0
2025-06-17 20:34:02,824 [WARN] PackLoader:240 - Cannot read IP mode file for STMicroelectronics.X-CUBE-TCPP.4.2.0
2025-06-17 20:34:02,836 [WARN] PackLoader:240 - Cannot read IP mode file for RealThread.X-CUBE-RT-Thread_Nano.4.1.1
2025-06-17 20:34:02,845 [WARN] PackLoader:240 - Cannot read IP mode file for wolfSSL.I-CUBE-wolfSSL.5.7.0
2025-06-17 20:34:02,853 [WARN] PackLoader:240 - Cannot read IP mode file for STMicroelectronics.FP-ATR-SIGFOX1.3.2.0
2025-06-17 20:34:02,865 [WARN] ConditionMgr:438 - getConditionDescription Invalid condition id : Cortex-A Device cause : null
2025-06-17 20:34:02,899 [WARN] ConditionMgr:1044 - genDependencies : Invalid condition id : Cortex-A Device cause : null
2025-06-17 20:34:02,899 [WARN] ConditionMgr:1044 - genDependencies : Invalid condition id : Cortex-A Device cause : null
2025-06-17 20:34:02,901 [WARN] ConditionMgr:1044 - genDependencies : Invalid condition id : Cortex-A Device cause : null
2025-06-17 20:34:02,915 [WARN] PackLoader:240 - Cannot read IP mode file for STMicroelectronics.X-CUBE-EEPRMA1.5.1.0
2025-06-17 20:34:02,929 [WARN] PackLoader:240 - Cannot read IP mode file for ITTIA_DB.I-CUBE-ITTIADB.8.9.0
2025-06-17 20:34:02,932 [INFO] WebApp:894 - Register for checkConnection events
2025-06-17 20:34:02,932 [INFO] WebApp:463 - Apply proxy settings
2025-06-17 20:34:02,932 [INFO] WebApp:548 - Chromium requires no authentication
2025-06-17 20:34:02,935 [INFO] WebApp:491 - Direct internet connection detected
2025-06-17 20:34:02,941 [WARN] PackLoader:240 - Cannot read IP mode file for STMicroelectronics.X-CUBE-ST67W61.1.0.0
2025-06-17 20:34:02,997 [WARN] PackLoader:240 - Cannot read IP mode file for SEGGER.I-CUBE-embOS.1.3.1
2025-06-17 20:34:03,044 [WARN] PackLoader:240 - Cannot read IP mode file for STMicroelectronics.X-CUBE-ALGOBUILD.1.4.0
2025-06-17 20:34:03,106 [WARN] PackLoader:240 - Cannot read IP mode file for STMicroelectronics.X-CUBE-MEMS1.11.3.0
2025-06-17 20:34:03,274 [WARN] PackLoader:240 - Cannot read IP mode file for STMicroelectronics.X-CUBE-AI.9.1.0
2025-06-17 20:34:03,301 [WARN] PackLoader:240 - Cannot read IP mode file for STMicroelectronics.X-CUBE-PM33A1.1.0.0
2025-06-17 20:34:03,314 [WARN] PackLoader:240 - Cannot read IP mode file for STMicroelectronics.X-CUBE-GNSS1.6.0.0
2025-06-17 20:34:03,343 [WARN] PackLoader:240 - Cannot read IP mode file for STMicroelectronics.X-CUBE-AZRTOS-F4.1.1.0
2025-06-17 20:34:03,355 [WARN] PackLoader:240 - Cannot read IP mode file for Avnet-IotConnect.X-CUBE-IoTC-DA16k-PMOD.1.0.0
2025-06-17 20:34:03,363 [WARN] PackLoader:240 - Cannot read IP mode file for STMicroelectronics.X-CUBE-ISPU.2.1.0
2025-06-17 20:34:03,367 [INFO] WebApp:225 - Starting web application
2025-06-17 20:34:03,368 [INFO] WebApp:593 - Web application path used C:\ST\STM32CubeIDE_1.18.0\STM32CubeIDE\plugins\com.st.stm32cube.common.mx_6.14.1.202504091515\db\plugins\mcufinder\reactClient1\index.html
2025-06-17 20:34:03,374 [WARN] PackLoader:240 - Cannot read IP mode file for STMicroelectronics.X-CUBE-FREERTOS.1.2.0
2025-06-17 20:34:03,402 [WARN] PackLoader:240 - Cannot read IP mode file for STMicroelectronics.X-CUBE-AZRTOS-L5.2.0.0
2025-06-17 20:34:03,421 [WARN] PackLoader:240 - Cannot read IP mode file for STMicroelectronics.X-CUBE-EEPRMA1.4.2.0
2025-06-17 20:34:03,439 [WARN] PackLoader:240 - Cannot read IP mode file for STMicroelectronics.X-CUBE-NFC6.3.1.0
2025-06-17 20:34:03,451 [WARN] PackLoader:240 - Cannot read IP mode file for STMicroelectronics.X-CUBE-DPower.1.2.0
2025-06-17 20:34:03,459 [WARN] PackLoader:240 - Cannot read IP mode file for STMicroelectronics.X-CUBE-AI.9.0.0
2025-06-17 20:34:03,463 [INFO] WebApp:191 - Connection restablished
2025-06-17 20:34:03,468 [WARN] PackLoader:240 - Cannot read IP mode file for STMicroelectronics.X-CUBE-FREERTOS.1.3.1
2025-06-17 20:34:03,477 [WARN] PackLoader:240 - Cannot read IP mode file for STMicroelectronics.X-CUBE-FREERTOS.1.3.0
2025-06-17 20:34:03,487 [WARN] PackLoader:240 - Cannot read IP mode file for STMicroelectronics.X-CUBE-NFC7.1.0.1
2025-06-17 20:34:03,501 [WARN] PackLoader:240 - Cannot read IP mode file for STMicroelectronics.X-CUBE-NFC6.3.0.0
2025-06-17 20:34:03,512 [WARN] PackLoader:240 - Cannot read IP mode file for STMicroelectronics.X-CUBE-DPower.1.3.0
2025-06-17 20:34:03,518 [WARN] PackLoader:240 - Cannot read IP mode file for STMicroelectronics.X-CUBE-AI.8.1.0
2025-06-17 20:34:03,547 [WARN] ConditionMgr:438 - getConditionDescription Invalid condition id : LAN8742 Phy interface Condition cause : null
2025-06-17 20:34:03,549 [WARN] PackLoader:240 - Cannot read IP mode file for STMicroelectronics.X-CUBE-AZRTOS-L4.2.0.0
2025-06-17 20:34:03,551 [WARN] ConditionMgr:1044 - genDependencies : Invalid condition id : LAN8742 Phy interface Condition cause : null
2025-06-17 20:34:03,551 [WARN] ConditionMgr:1044 - genDependencies : Invalid condition id : LAN8742 Phy interface Condition cause : null
2025-06-17 20:34:03,552 [WARN] ConditionMgr:1044 - genDependencies : Invalid condition id : LAN8742 Phy interface Condition cause : null
2025-06-17 20:34:03,563 [WARN] PackLoader:240 - Cannot read IP mode file for STMicroelectronics.X-CUBE-SFXS2LP1.4.0.0
2025-06-17 20:34:03,598 [WARN] PackLoader:240 - Cannot read IP mode file for STMicroelectronics.X-CUBE-AZRTOS-H7.3.3.0
2025-06-17 20:34:03,616 [WARN] PackLoader:240 - Cannot read IP mode file for STMicroelectronics.X-CUBE-IPS.3.0.0
2025-06-17 20:34:03,655 [WARN] ConditionMgr:438 - getConditionDescription Invalid condition id : UX DEVICE CLASS RTOS Condition cause : null
2025-06-17 20:34:03,655 [WARN] ConditionMgr:438 - getConditionDescription Invalid condition id : UX DEVICE CLASS RTOS Condition cause : null
2025-06-17 20:34:03,669 [WARN] PackLoader:240 - Cannot read IP mode file for STMicroelectronics.X-CUBE-AZRTOS-WB.2.0.0
2025-06-17 20:34:03,670 [WARN] ConditionMgr:1044 - genDependencies : Invalid condition id : UX DEVICE CLASS RTOS Condition cause : null
2025-06-17 20:34:03,670 [WARN] ConditionMgr:1044 - genDependencies : Invalid condition id : UX DEVICE CLASS RTOS Condition cause : null
2025-06-17 20:34:03,673 [WARN] ConditionMgr:1044 - genDependencies : Invalid condition id : UX DEVICE CLASS RTOS Condition cause : null
2025-06-17 20:34:03,673 [WARN] ConditionMgr:1044 - genDependencies : Invalid condition id : UX DEVICE CLASS RTOS Condition cause : null
2025-06-17 20:34:03,674 [WARN] ConditionMgr:1044 - genDependencies : Invalid condition id : UX DEVICE CLASS RTOS Condition cause : null
2025-06-17 20:34:03,684 [WARN] PackLoader:240 - Cannot read IP mode file for STMicroelectronics.X-CUBE-GNSS1.7.0.0
2025-06-17 20:34:03,694 [WARN] PackLoader:240 - Cannot read IP mode file for STMicroelectronics.X-CUBE-GNSS1.7.0.1
2025-06-17 20:34:03,703 [WARN] PackLoader:240 - Cannot read IP mode file for STMicroelectronics.X-CUBE-TOUCHGFX.4.25.0
2025-06-17 20:34:03,723 [WARN] PackLoader:240 - Cannot read IP mode file for STMicroelectronics.FP-SNS-STBOX1.2.0.0
2025-06-17 20:34:03,742 [WARN] PackLoader:240 - Cannot read IP mode file for STMicroelectronics.X-CUBE-SUBG2.5.0.0
2025-06-17 20:34:03,747 [INFO] UserAuth:484 - Internet connection configuration mode: 1
2025-06-17 20:34:03,948 [WARN] PackLoader:240 - Cannot read IP mode file for STMicroelectronics.X-CUBE-AZRTOS-H7RS.1.1.0
2025-06-17 20:34:03,971 [WARN] PackLoader:240 - Cannot read IP mode file for Cesanta.I-CUBE-Mongoose.7.13.0
2025-06-17 20:34:04,014 [WARN] PackLoader:240 - Cannot read IP mode file for STMicroelectronics.X-CUBE-AZRTOS-G4.2.0.0
2025-06-17 20:34:04,025 [WARN] PackLoader:240 - Cannot read IP mode file for STMicroelectronics.X-CUBE-NFC7.2.0.0
2025-06-17 20:34:04,032 [WARN] PackLoader:240 - Cannot read IP mode file for STMicroelectronics.FP-SNS-MOTENVWB1.1.3.1
2025-06-17 20:34:04,037 [WARN] PackLoader:240 - Cannot read IP mode file for STMicroelectronics.X-CUBE-ISPU.2.0.0
2025-06-17 20:34:04,053 [WARN] PackLoader:240 - Cannot read IP mode file for STMicroelectronics.X-CUBE-IPS.3.1.0
2025-06-17 20:34:04,068 [WARN] PackLoader:240 - Cannot read IP mode file for STMicroelectronics.X-CUBE-ALS.1.0.2
2025-06-17 20:34:04,118 [WARN] PackLoader:240 - Cannot read IP mode file for STMicroelectronics.X-CUBE-MEMS1.10.0.0
2025-06-17 20:34:04,307 [WARN] PackLoader:240 - Cannot read IP mode file for STMicroelectronics.X-CUBE-FREERTOS.1.1.0
2025-06-17 20:34:04,314 [WARN] PackLoader:240 - Cannot read IP mode file for STMicroelectronics.X-CUBE-TOUCHGFX.4.24.0
2025-06-17 20:34:04,320 [WARN] PackLoader:240 - Cannot read IP mode file for STMicroelectronics.X-CUBE-TOUCHGFX.4.24.2
2025-06-17 20:34:04,327 [WARN] PackLoader:240 - Cannot read IP mode file for STMicroelectronics.X-CUBE-TOUCHGFX.4.24.1
2025-06-17 20:34:04,335 [WARN] PackLoader:240 - Cannot read IP mode file for wolfSSL.I-CUBE-wolfTPM.3.4.0
2025-06-17 20:34:04,349 [WARN] PackLoader:240 - Cannot read IP mode file for portGmbH.I-Cube-SoM-uGOAL.1.1.0
2025-06-17 20:34:04,355 [WARN] PackLoader:240 - Cannot read IP mode file for STMicroelectronics.X-CUBE-ALS.1.0.1
2025-06-17 20:34:04,388 [WARN] PackLoader:240 - Cannot read IP mode file for STMicroelectronics.X-CUBE-AZRTOS-H7RS.1.0.0
2025-06-17 20:34:04,403 [WARN] PackLoader:240 - Cannot read IP mode file for STMicroelectronics.FP-ATR-ASTRA1.2.0.0
2025-06-17 20:34:04,421 [WARN] PackLoader:240 - Cannot read IP mode file for STMicroelectronics.X-CUBE-TOF1.3.4.2
2025-06-17 20:34:04,449 [WARN] PackLoader:240 - Cannot read IP mode file for STMicroelectronics.X-CUBE-TOF1.3.4.3
2025-06-17 20:34:04,481 [WARN] PackLoader:240 - Cannot read IP mode file for STMicroelectronics.X-CUBE-TOF1.3.4.0
2025-06-17 20:34:04,515 [WARN] PackLoader:240 - Cannot read IP mode file for STMicroelectronics.X-CUBE-TOF1.3.4.1
2025-06-17 20:34:04,551 [WARN] PackLoader:240 - Cannot read IP mode file for STMicroelectronics.X-CUBE-AZRTOS-H7.3.2.0
2025-06-17 20:34:04,575 [WARN] PackLoader:240 - Cannot read IP mode file for Infineon.AIROC-Wi-Fi-Bluetooth-STM32.1.6.0
2025-06-17 20:34:04,588 [WARN] PackLoader:240 - Cannot read IP mode file for wolfSSL.I-CUBE-wolfSSH.1.4.17
2025-06-17 20:34:04,592 [INFO] ThirdParty:978 - Integrity check success = true
2025-06-17 20:34:04,592 [INFO] IntegrityCheckThread:100 - exiting critical section [integrity check]
2025-06-17 20:34:04,593 [INFO] IntegrityCheckThread:103 - End integrity checks thread
2025-06-17 20:34:06,728 [INFO] ApiDb:240 - Found 895 in-development CPN: [B-G473E-ZEST1S, B-WB1M-WPAN1, B-WBA5M-WPAN, B-WL5M-SUBG1, NUCLEO-C031C6, NUCLEO-C051C8, NUCLEO-C071RB, NUCLEO-C092RC, NUCLEO-H503RB, NUCLEO-H533RE, NUCLEO-H563ZI, NUCLEO-H7S3L8, NUCLEO-N657X0-Q, NUCLEO-U031R8, NUCLEO-U083RC, NUCLEO-U385RG-Q, NUCLEO-U545RE-Q, NUCLEO-U5A5ZJ-Q, NUCLEO-WB05KZ, NUCLEO-WB07CC, NUCLEO-WB09KE, NUCLEO-WBA52CG, NUCLEO-WBA55CG, NUCLEO-WBA65RI, NUCLEO-WL33CC1, NUCLEO-WL33CC2, STEVAL-PROTEUS1, STEVAL-SMARTAG2, STEVAL-STWINBX1, STM320518-EVAL, STM32C0116-DK, STM32C011D6Y3TR, STM32C011D6Y6TR, STM32C011F4P3, STM32C011F4P6, STM32C011F4U3, STM32C011F4U6TR, STM32C011F6P3, STM32C011F6P6, STM32C011F6U3, STM32C011F6U6TR, STM32C011J4M3, STM32C011J4M6, STM32C011J6M3, STM32C011J6M6, STM32C0316-DK, STM32C031C4T3, STM32C031C4T6, STM32C031C4U3, STM32C031C4U6, STM32C031C6T3, STM32C031C6T6, STM32C031C6U3, STM32C031C6U6, STM32C031F4P3, STM32C031F4P6, STM32C031F6P3, STM32C031F6P6, STM32C031G4U3, STM32C031G4U6, STM32C031G6U3, STM32C031G6U6, STM32C031K4T3, STM32C031K4T6, STM32C031K4U3, STM32C031K4U6, STM32C031K6T3, STM32C031K6T6, STM32C031K6U3, STM32C031K6U6, STM32C051C6T6, STM32C051C6U6, STM32C051C8T6, STM32C051C8U6, STM32C051D8Y6TR, STM32C051F6P6, STM32C051F8P6, STM32C051G6U6, STM32C051G8U6, STM32C051K6T6, STM32C051K6U6, STM32C051K8T6, STM32C071C8T6, STM32C071C8T6N, STM32C071C8U6, STM32C071C8U6N, STM32C071CBT6, STM32C071CBT6N, STM32C071CBU6, STM32C071CBU6N, STM32C071F8P6, STM32C071F8P6N, STM32C071FBP6, STM32C071FBP6N, STM32C071FBY6TR, STM32C071G8U6, STM32C071G8U6N, STM32C071GBU6, STM32C071GBU6N, STM32C071K8T6, STM32C071K8T6N, STM32C071K8U6, STM32C071K8U6N, STM32C071KBT6, STM32C071KBT6N, STM32C071KBU6, STM32C071KBU6N, STM32C071R8T6, STM32C071R8T6N, STM32C071RBI6N, STM32C071RBT6, STM32C071RBT6N, STM32C091CBT6, STM32C091CBU6, STM32C091CCT6, STM32C091CCU6, STM32C091ECY6TR, STM32C091FBP6, STM32C091FCP6, STM32C091GBU6, STM32C091GCU6, STM32C091KBT6, STM32C091KBU6, STM32C091KCT6, STM32C091KCU6, STM32C091RBT6, STM32C091RCI6, STM32C091RCT6, STM32C092CBT6, STM32C092CBU6, STM32C092CCT6, STM32C092CCU6, STM32C092ECY6TR, STM32C092FBP6, STM32C092FCP6, STM32C092GBU6, STM32C092GCU6, STM32C092KBT6, STM32C092KBU6, STM32C092KCT6, STM32C092KCU6, STM32C092RBT6, STM32C092RCI6, STM32C092RCT6, STM32G071K8TXN, STM32G071K8UXN, STM32G081GBU6N, STM32G081KBT6N, STM32G081KBUXN, STM32G0B1CCT6N, STM32G0B1KCT6, STM32G0B1NEY6TR, STM32G0B1RCT6N, STM32G0C1CCT6, STM32G0C1CCT6N, STM32G0C1CCU6N, STM32G0C1CET6N, STM32G0C1CEU6N, STM32G0C1KCT6, STM32G0C1NEY6TR, STM32G0C1RCI6N, STM32G0C1RCT6N, STM32G0C1REI6N, STM32G0C1RET6N, STM32G0C1VCI6, STM32G0C1VEI6, STM32G411C6T3, STM32G411C6T6, STM32G411C6U3, STM32G411C6U6, STM32G411C8T3, STM32G411C8T6, STM32G411C8U3, STM32G411C8U6, STM32G411CBT3, STM32G411CBT6, STM32G411CBU3, STM32G411CBU6, STM32G411CCT3, STM32G411CCT6, STM32G411CCU3, STM32G411CCU6, STM32G411K6T3, STM32G411K6T6, STM32G411K6U3, STM32G411K6U6, STM32G411K8T3, STM32G411K8T6, STM32G411K8U3, STM32G411K8U6, STM32G411KBT3, STM32G411KBT6, STM32G411KBU3, STM32G411KBU6, STM32G411M6T3, STM32G411M6T6, STM32G411M8T3, STM32G411M8T6, STM32G411MBT3, STM32G411MBT6, STM32G411MCT3, STM32G411MCT6, STM32G411R6T3, STM32G411R6T6, STM32G411R8T3, STM32G411R8T6, STM32G411RBT3, STM32G411RBT6, STM32G411RCT3, STM32G411RCT6, STM32G414CBT3, STM32G414CBT6, STM32G414CBU3, STM32G414CBU6, STM32G414CCT3, STM32G414CCT6, STM32G414CCU3, STM32G414CCU6, STM32G414MBT3, STM32G414MBT6, STM32G414MCT3, STM32G414MCT6, STM32G414RBT3, STM32G414RBT6, STM32G414RCT3, STM32G414RCT6, STM32G414VBT3, STM32G414VBT6, STM32G414VCT3, STM32G414VCT6, STM32G431CBT3Z, STM32G431RBT3Z, STM32G471CCT6, STM32G471CCU6, STM32G471CET3, STM32G471CET6, STM32G471CEU3, STM32G471CEU6, STM32G471MCT6, STM32G471MET3, STM32G471MET6, STM32G471MEY6TR, STM32G471QCT6, STM32G471QET3, STM32G471RCT6, STM32G471RET3, STM32G471RET6, STM32G471VCH6, STM32G471VCI6, STM32G471VCT6, STM32G471VEH3, STM32G471VEH6, STM32G471VEI3, STM32G471VEI6, STM32G471VET3, STM32G471VET6, STM32G473QET3Z, STM32G473RET3Z, STM32G474CCT6, STM32G491RET3Z, STM32H503CBT6, STM32H503CBU6, STM32H503EBY6TR, STM32H503KBU6, STM32H503RBT6, STM32H523CCT6, STM32H523CCU6, STM32H523CET6, STM32H523CEU6, STM32H523HEY6TR, STM32H523RCT6, STM32H523RET6, STM32H523VCI6, STM32H523VCT6, STM32H523VEI6, STM32H523VET6, STM32H523ZCJ6, STM32H523ZCT6, STM32H523ZEJ6, STM32H523ZET6, STM32H533CET6, STM32H533CEU6, STM32H533HEY6TR, STM32H533RET6, STM32H533VEI6, STM32H533VET6, STM32H533ZEJ6, STM32H533ZET6, STM32H562AGI6, STM32H562AII6, STM32H562IGK6, STM32H562IGT6, STM32H562IIK6, STM32H562IIT6, STM32H562RGT6, STM32H562RGV6, STM32H562RIT6, STM32H562RIV6, STM32H562VGT6, STM32H562VIT6, STM32H562ZGT6, STM32H562ZIT6, STM32H563AGI6, STM32H563AII3Q, STM32H563AII6, STM32H563IGK6, STM32H563IGT6, STM32H563IIK3Q, STM32H563IIK6, STM32H563IIT3Q, STM32H563IIT6, STM32H563MIY3QTR, STM32H563RGT6, STM32H563RGV6, STM32H563RIT6, STM32H563RIV6, STM32H563VGT6, STM32H563VIT3Q, STM32H563VIT6, STM32H563ZGT6, STM32H563ZIT3Q, STM32H563ZIT6, STM32H573AII3Q, STM32H573AII6, STM32H573I-DK, STM32H573IIK3Q, STM32H573IIK6, STM32H573IIT3Q, STM32H573IIT6, STM32H573MIY3QTR, STM32H573RIT6, STM32H573RIV6, STM32H573VIT3Q, STM32H573VIT6, STM32H573ZIT3Q, STM32H573ZIT6, STM32H7R3A8I6, STM32H7R3I8K6, STM32H7R3I8T6, STM32H7R3L8H6, STM32H7R3L8H6H, STM32H7R3R8V6, STM32H7R3V8H6, STM32H7R3V8T6, STM32H7R3V8Y6TR, STM32H7R3Z8J6, STM32H7R3Z8T6, STM32H7R7A8I6, STM32H7R7I8K6, STM32H7R7I8T6, STM32H7R7L8H6, STM32H7R7L8H6H, STM32H7R7Z8J6, STM32H7S3A8I6, STM32H7S3I8K6, STM32H7S3I8T6, STM32H7S3L8H6, STM32H7S3L8H6H, STM32H7S3R8V6, STM32H7S3V8H6, STM32H7S3V8T6, STM32H7S3V8Y6TR, STM32H7S3Z8J6, STM32H7S3Z8T6, STM32H7S78-DK, STM32H7S7A8I6, STM32H7S7I8K6, STM32H7S7I8T6, STM32H7S7L8H6, STM32H7S7L8H6H, STM32H7S7Z8J6, STM32L4R5QGI6STR, STM32MP131AAE3, STM32MP131AAF3, STM32MP131AAG3, STM32MP131CAE3, STM32MP131CAF3, STM32MP131CAG3, STM32MP131DAE7, STM32MP131DAF7, STM32MP131DAG7, STM32MP131FAE7, STM32MP131FAF7, STM32MP131FAG7, STM32MP133AAE3, STM32MP133AAF3, STM32MP133AAG3, STM32MP133CAE3, STM32MP133CAF3, STM32MP133CAG3, STM32MP133DAE7, STM32MP133DAF7, STM32MP133DAG7, STM32MP133FAE7, STM32MP133FAF7, STM32MP133FAG7, STM32MP135AAE3, STM32MP135AAF3, STM32MP135AAG3, STM32MP135CAE3, STM32MP135CAF3, STM32MP135CAG3, STM32MP135DAE7, STM32MP135DAF7, STM32MP135DAG7, STM32MP135F-DK, STM32MP135FAE7, STM32MP135FAF7, STM32MP135FAF7T, STM32MP135FAF7U, STM32MP135FAG7, STM32MP231AAJ3, STM32MP231AAK3, STM32MP231AAL3, STM32MP231CAJ3, STM32MP231CAK3, STM32MP231CAL3, STM32MP231DAJ3, STM32MP231DAK3, STM32MP231DAL3, STM32MP231FAJ3, STM32MP231FAK3, STM32MP231FAL3, STM32MP233AAJ3, STM32MP233AAK3, STM32MP233AAL3, STM32MP233CAJ3, STM32MP233CAK3, STM32MP233CAL3, STM32MP233DAJ3, STM32MP233DAK3, STM32MP233DAL3, STM32MP233FAJ3, STM32MP233FAK3, STM32MP233FAL3, STM32MP235AAJ3, STM32MP235AAK3, STM32MP235AAL3, STM32MP235CAJ3, STM32MP235CAK3, STM32MP235CAL3, STM32MP235DAJ3, STM32MP235DAK3, STM32MP235DAL3, STM32MP235FAJ3, STM32MP235FAK3, STM32MP235FAL3, STM32MP251AAI3, STM32MP251AAJ3, STM32MP251AAK3, STM32MP251AAL3, STM32MP251CAI3, STM32MP251CAJ3, STM32MP251CAK3, STM32MP251CAL3, STM32MP251DAI3, STM32MP251DAJ3, STM32MP251DAK3, STM32MP251DAL3, STM32MP251FAI3, STM32MP251FAJ3, STM32MP251FAK3, STM32MP251FAL3, STM32MP253AAI3, STM32MP253AAJ3, STM32MP253AAK3, STM32MP253AAL3, STM32MP253CAI3, STM32MP253CAJ3, STM32MP253CAK3, STM32MP253CAL3, STM32MP253DAI3, STM32MP253DAJ3, STM32MP253DAK3, STM32MP253DAL3, STM32MP253FAI3, STM32MP253FAJ3, STM32MP253FAK3, STM32MP253FAL3, STM32MP255AAI3, STM32MP255AAJ3, STM32MP255AAK3, STM32MP255AAL3, STM32MP255CAI3, STM32MP255CAJ3, STM32MP255CAK3, STM32MP255CAL3, STM32MP255DAI3, STM32MP255DAJ3, STM32MP255DAK3, STM32MP255DAL3, STM32MP255FAI3, STM32MP255FAJ3, STM32MP255FAK3, STM32MP255FAL3, STM32MP257AAI3, STM32MP257AAJ3, STM32MP257AAK3, STM32MP257AAL3, STM32MP257CAI3, STM32MP257CAJ3, STM32MP257CAK3, STM32MP257CAL3, STM32MP257DAI3, STM32MP257DAJ3, STM32MP257DAK3, STM32MP257DAL3, STM32MP257F-DK, STM32MP257F-EV1, STM32MP257FAI3, STM32MP257FAJ3, STM32MP257FAK3, STM32MP257FAL3, STM32N645A0H3Q, STM32N645B0H3Q, STM32N645I0H3Q, STM32N645L0H3Q, STM32N645X0H3Q, STM32N645Z0H3Q, STM32N647A0H3Q, STM32N647B0H3Q, STM32N647I0H3Q, STM32N647L0H3Q, STM32N647X0H3Q, STM32N647Z0H3Q, STM32N655A0H3Q, STM32N655B0H3Q, STM32N655I0H3Q, STM32N655L0H3Q, STM32N655X0H3Q, STM32N655Z0H3Q, STM32N6570-DK, STM32N657A0H3Q, STM32N657B0H3Q, STM32N657I0H3Q, STM32N657L0H3Q, STM32N657X0H3Q, STM32N657Z0H3Q, STM32U031C6T6, STM32U031C6U6, STM32U031C8T6, STM32U031C8U6, STM32U031F4P6, STM32U031F6P6, STM32U031F8P6, STM32U031G6Y6TR, STM32U031G8Y6TR, STM32U031K4U6, STM32U031K6U6, STM32U031K8U6, STM32U031R6I6, STM32U031R6T6, STM32U031R8I6, STM32U031R8T6, STM32U073C8T6, STM32U073C8U6, STM32U073CBT6, STM32U073CBU6, STM32U073CCT6, STM32U073CCU6, STM32U073H8Y6TR, STM32U073HBY6TR, STM32U073HCY6TR, STM32U073K8U6, STM32U073KBU6, STM32U073KCU6, STM32U073M8I6, STM32U073M8T6, STM32U073MBI6, STM32U073MBT6, STM32U073MCI6, STM32U073MCT6, STM32U073R8I6, STM32U073R8T6, STM32U073RBI6, STM32U073RBT6, STM32U073RCI6, STM32U073RCT6, STM32U083C-DK, STM32U083CCT6, STM32U083CCU6, STM32U083HCY6TR, STM32U083KCU6, STM32U083MCI6, STM32U083MCT6, STM32U083RCI6, STM32U083RCT6, STM32U375CET6, STM32U375CET6Q, STM32U375CEU6, STM32U375CEU6Q, STM32U375CEY6QTR, STM32U375CGT6, STM32U375CGT6Q, STM32U375CGU6, STM32U375CGU6Q, STM32U375CGY6QTR, STM32U375KEU6, STM32U375KGU6, STM32U375REI6, STM32U375REI6Q, STM32U375RET6, STM32U375RET6Q, STM32U375REY6GTR, STM32U375REY6QTR, STM32U375RGI6, STM32U375RGI6Q, STM32U375RGT6, STM32U375RGT6Q, STM32U375RGY6GTR, STM32U375RGY6QTR, STM32U375VEI6, STM32U375VEI6Q, STM32U375VET6, STM32U375VET6Q, STM32U375VGI6, STM32U375VGI6Q, STM32U375VGT6, STM32U375VGT6Q, STM32U385CGT6, STM32U385CGT6Q, STM32U385CGU6, STM32U385CGU6Q, STM32U385CGY6QTR, STM32U385KGU6, STM32U385RGI6, STM32U385RGI6Q, STM32U385RGT6, STM32U385RGT6Q, STM32U385RGY6GTR, STM32U385RGY6QTR, STM32U385VGI6, STM32U385VGI6Q, STM32U385VGT6, STM32U385VGT6Q, STM32U535CBT6, STM32U535CBT6Q, STM32U535CBU6, STM32U535CBU6Q, STM32U535CCT6, STM32U535CCT6Q, STM32U535CCU6, STM32U535CCU6Q, STM32U535CET6, STM32U535CET6Q, STM32U535CEU6, STM32U535CEU6Q, STM32U535JEY6QTR, STM32U535NCY6QTR, STM32U535NEY6QTR, STM32U535RBI6, STM32U535RBI6Q, STM32U535RBT6, STM32U535RBT6Q, STM32U535RCI6, STM32U535RCI6Q, STM32U535RCT6, STM32U535RCT6Q, STM32U535REI6, STM32U535REI6Q, STM32U535RET6, STM32U535RET6Q, STM32U535VCI6, STM32U535VCI6Q, STM32U535VCT6, STM32U535VCT6Q, STM32U535VEI6, STM32U535VEI6Q, STM32U535VET6, STM32U535VET6Q, STM32U545CET6, STM32U545CET6Q, STM32U545CEU6, STM32U545CEU6Q, STM32U545JEY6QTR, STM32U545NEY6QTR, STM32U545REI6, STM32U545REI6Q, STM32U545RET6, STM32U545RET6Q, STM32U545VEI6, STM32U545VEI6Q, STM32U545VET6, STM32U545VET6Q, STM32U595AIH6, STM32U595AIH6Q, STM32U595AJH6, STM32U595AJH6Q, STM32U595QII6, STM32U595QII6Q, STM32U595QJI6, STM32U595QJI6Q, STM32U595RIT6, STM32U595RIT6Q, STM32U595RJT6, STM32U595RJT6Q, STM32U595VIT6, STM32U595VIT6Q, STM32U595VJT6, STM32U595VJT6Q, STM32U595ZIT6, STM32U595ZIT6Q, STM32U595ZIY6QTR, STM32U595ZJT6, STM32U595ZJT6Q, STM32U595ZJY6QTR, STM32U599BJY6QTR, STM32U599NIH6Q, STM32U599NJH6Q, STM32U599VIT6Q, STM32U599VJT6, STM32U599VJT6Q, STM32U599ZIT6Q, STM32U599ZIY6QTR, STM32U599ZJT6Q, STM32U599ZJY6QTR, STM32U5A5AJH6, STM32U5A5AJH6Q, STM32U5A5QII3Q , STM32U5A5QJI6, STM32U5A5QJI6Q, STM32U5A5RJT6, STM32U5A5RJT6Q, STM32U5A5VJT6, STM32U5A5VJT6Q, STM32U5A5ZJT6, STM32U5A5ZJT6Q, STM32U5A5ZJY6QTR, STM32U5A9BJY6QTR, STM32U5A9J-DK, STM32U5A9NJH6Q, STM32U5A9VJT6Q, STM32U5A9ZJT6Q, STM32U5A9ZJY6QTR, STM32U5F7VIT6, STM32U5F7VIT6Q, STM32U5F7VJT6, STM32U5F7VJT6Q, STM32U5F9BJY6QTR, STM32U5F9NJH6Q, STM32U5F9VIT6Q, STM32U5F9VJT6Q, STM32U5F9ZIJ6QTR, STM32U5F9ZIT6Q, STM32U5F9ZJJ6QTR, STM32U5F9ZJT6Q, STM32U5G7VJT6, STM32U5G7VJT6Q, STM32U5G9BJY6QTR, STM32U5G9J-DK1, STM32U5G9J-DK2, STM32U5G9NJH6Q, STM32U5G9VJT6Q, STM32U5G9ZJJ6QTR, STM32U5G9ZJT6Q, STM32WB05KZV6TR, STM32WB05KZV7TR, STM32WB05TZF6TR, STM32WB05TZF7TR, STM32WB06CCF6TR, STM32WB06CCF7TR, STM32WB06CCV6TR, STM32WB06CCV7TR, STM32WB06KCV6TR, STM32WB06KCV7TR, STM32WB07CCF6TR, STM32WB07CCF7TR, STM32WB07CCV6TR, STM32WB07CCV7TR, STM32WB07KCV6TR, STM32WB07KCV7TR, STM32WB09KEV6TR, STM32WB09KEV7TR, STM32WB09TEF6TR, STM32WB09TEF7TR, STM32WB1MMCH6, STM32WBA50KGU6, STM32WBA50KGU6TR, STM32WBA52CEU6, STM32WBA52CEU6TR, STM32WBA52CEU7, STM32WBA52CEU7TR, STM32WBA52CGU6, STM32WBA52CGU6TR, STM32WBA52CGU6U, STM32WBA52CGU7, STM32WBA52CGU7TR, STM32WBA52KEU6, STM32WBA52KEU6TR, STM32WBA52KGU6, STM32WBA52KGU6TR, STM32WBA54CEU6, STM32WBA54CEU6TR, STM32WBA54CEU7, STM32WBA54CEU7TR, STM32WBA54CGU6, STM32WBA54CGU6TR, STM32WBA54CGU7, STM32WBA54CGU7TR, STM32WBA54KEU6, STM32WBA54KEU6TR, STM32WBA54KEU7, STM32WBA54KEU7TR, STM32WBA54KGU6, STM32WBA54KGU6TR, STM32WBA54KGU7, STM32WBA54KGU7TR, STM32WBA55CEU6, STM32WBA55CEU6TR, STM32WBA55CEU7, STM32WBA55CEU7TR, STM32WBA55CGU6, STM32WBA55CGU6TR, STM32WBA55CGU6U, STM32WBA55CGU7, STM32WBA55CGU7TR, STM32WBA55G-DK1, STM32WBA55HEF6, STM32WBA55HEF7, STM32WBA55HGF6, STM32WBA55HGF7, STM32WBA55UEI6, STM32WBA55UEI6TR, STM32WBA55UEI7, STM32WBA55UEI7TR, STM32WBA55UGI6, STM32WBA55UGI6TR, STM32WBA55UGI7, STM32WBA55UGI7TR, STM32WBA5MJGH6TR, STM32WBA62CGU6, STM32WBA62CIU6, STM32WBA62MGF6, STM32WBA62MIF6, STM32WBA62PGI6, STM32WBA62PII6, STM32WBA63CGU6, STM32WBA63CGU7, STM32WBA63CIU6, STM32WBA63CIU7, STM32WBA64CGU6, STM32WBA64CGU7, STM32WBA64CIU6, STM32WBA64CIU7, STM32WBA65CGU6, STM32WBA65CGU7, STM32WBA65CIU6, STM32WBA65CIU7, STM32WBA65I-DK1, STM32WBA65MGF6, STM32WBA65MGF7, STM32WBA65MIF6, STM32WBA65MIF7, STM32WBA65PGI6, STM32WBA65PGI7, STM32WBA65PII6, STM32WBA65PII7, STM32WBA65RGV6, STM32WBA65RGV7, STM32WBA65RIV6, STM32WBA65RIV7, STM32WL30K8V6, STM32WL30KBV6, STM32WL31C8V6, STM32WL31CBV6, STM32WL31K8V6, STM32WL31KBV6, STM32WL33C8V6, STM32WL33C8V6TR, STM32WL33C8V7, STM32WL33C8V7TR, STM32WL33CBV6, STM32WL33CBV6TR, STM32WL33CBV7, STM32WL33CBV7TR, STM32WL33CCV6, STM32WL33CCV6TR, STM32WL33CCV7, STM32WL33CCV7A, STM32WL33CCV7ATR, STM32WL33CCV7TR, STM32WL33K8V6, STM32WL33K8V6TR, STM32WL33K8V7, STM32WL33K8V7TR, STM32WL33KBV6, STM32WL33KBV6TR, STM32WL33KBV7, STM32WL33KBV7TR, STM32WL33KCV6, STM32WL33KCV6TR, STM32WL33KCV7, STM32WL33KCV7TR, STM32WL5MOCH6, STM32WL5MOCH6TR]
2025-06-17 20:34:06,736 [INFO] DbMcus:218 - Found 4686 MCUs, 4686 are supported
2025-06-17 20:34:06,736 [INFO] ApiDb:423 - Load user favorites file C:\Users\User/.stm32cubeide/favorites.mcus.txt: 1 item(s)
2025-06-17 20:34:06,737 [INFO] ApiDb:427 - User favorites MCUs=[STM32F103C8T6]
2025-06-17 20:34:06,737 [INFO] DbMcus:224 - Set 1 / 1 favorites MCUs
2025-06-17 20:34:07,715 [INFO] ApiDb:423 - Load user favorites file C:\Users\User/.stm32cubeide/favorites.boards.txt: 0 item(s)
2025-06-17 20:34:07,715 [INFO] ApiDb:427 - User favorites Boards=[]
2025-06-17 20:34:07,715 [INFO] DbBoards:198 - Set 0 / 0 favorites Boards
2025-06-17 20:34:07,717 [INFO] McuFinderGlobals:76 - Set McuFinderConnectedMode to true
2025-06-17 20:34:07,724 [INFO] MultiScanPanel:200 - Auto-refresh data requested => check proxy status ongoing
2025-06-17 20:34:07,727 [INFO] FinderPluginLoader:95 - Searching for filters in installed packs
2025-06-17 20:34:09,371 [INFO] LoadUrlFilesThread:185 - End of LoadServerUrlFiles without Thread
2025-06-17 20:34:09,384 [INFO] DetailPanel:341 - Set advertising image to C:/Users/User/STM32Cube/Repository/\en.summit-h1-25-promotion.jpg
2025-06-17 20:34:53,384 [INFO] MainUpdater:2872 - connection check result : 10
2025-06-17 20:34:53,384 [INFO] MainUpdater:2872 - connection check result : 10
2025-06-17 20:34:53,423 [INFO] MicroXplorer:468 - Change Database Path : 
2025-06-17 20:34:53,423 [INFO] MicroXplorer:498 - Change Database Version : DB.6.0.141
2025-06-17 20:34:53,433 [WARN] ThirdParty:871 - waiting for thirdparty lock release [close project]
2025-06-17 20:34:53,433 [INFO] ThirdParty:873 - entering critical section [close project]
2025-06-17 20:34:53,434 [INFO] ThirdParty:883 - exiting critical section [close project]
2025-06-17 20:34:53,437 [INFO] PinOutPanel:1589 - setPackage(No Configuration,No Configuration)
2025-06-17 20:34:53,452 [INFO] UtilMem:75 - Begin LoadConfig() Used Memory: 403436176 Bytes (602931200)
2025-06-17 20:34:53,454 [INFO] MicroXplorer:468 - Change Database Path : 
2025-06-17 20:34:53,454 [INFO] MicroXplorer:498 - Change Database Version : DB.6.0.141
2025-06-17 20:34:53,454 [INFO] OpenFileManager:354 - Change cursor
2025-06-17 20:34:53,750 [INFO] Mcu:2011 - Initializing MCU STM32F103C8Tx STM32F103C8Tx STM32F103C8T6
2025-06-17 20:34:55,734 [INFO] Context:756 - Trying to add GPIOservice into a context  which must be forbidden
2025-06-17 20:34:56,234 [INFO] ImportTextPane:218 - (OptionalMessage_ERROR) Unable to find key (Mcu.ThirdPartyNb) in loaded IOC file
2025-06-17 20:34:56,234 [INFO] ImportTextPane:218 - (OptionalMessage_ERROR) Unable to find key (Mcu.PinsNb) in loaded IOC file
2025-06-17 20:34:56,235 [INFO] ImportTextPane:218 - (OptionalMessage_ERROR) Pin0 (VP_RIF_VS_RIF1) cannot be retrieved for this MCU
2025-06-17 20:34:56,236 [INFO] ImportTextPane:218 - (OptionalMessage_ERROR) Unable to find key (Mcu.IPNb) in loaded IOC file
2025-06-17 20:34:56,567 [INFO] RtosManager:558 - Registered RTOS mode: class=CMSIS, group=RTOS, mode=CMSIS_V1, owner=FREERTOS
2025-06-17 20:34:56,567 [INFO] RtosManager:558 - Registered RTOS mode: class=CMSIS, group=RTOS2, mode=CMSIS_V2, owner=FREERTOS
2025-06-17 20:34:56,567 [INFO] RtosManager:558 - Registered RTOS mode: class=RTOS, group=Core, mode=CMSIS_V1, owner=FREERTOS
2025-06-17 20:34:56,567 [INFO] RtosManager:558 - Registered RTOS mode: class=RTOS, group=Core, mode=CMSIS_V2, owner=FREERTOS
2025-06-17 20:34:56,567 [WARN] ModelIntegratedComponent:184 - Missing modes for component STMicroelectronics:FreeRTOS:0.0.1:STMicroelectronics:RTOS:FreeRTOS:Core:::10.2.0:
2025-06-17 20:34:56,578 [WARN] ModelIntegratedComponent:63 - No mode defined for component null
2025-06-17 20:34:56,579 [WARN] ModelIntegratedComponent:63 - No mode defined for component null
2025-06-17 20:34:56,579 [WARN] ModelIntegratedComponent:63 - No mode defined for component null
2025-06-17 20:34:56,579 [WARN] ModelIntegratedComponent:63 - No mode defined for component null
2025-06-17 20:34:56,579 [WARN] ModelIntegratedComponent:63 - No mode defined for component null
2025-06-17 20:34:56,579 [WARN] ModelIntegratedComponent:63 - No mode defined for component null
2025-06-17 20:34:56,579 [WARN] ModelIntegratedComponent:63 - No mode defined for component null
2025-06-17 20:34:56,579 [WARN] ModelIntegratedComponent:63 - No mode defined for component null
2025-06-17 20:34:56,579 [WARN] ModelIntegratedComponent:63 - No mode defined for component null
2025-06-17 20:34:56,579 [WARN] ModelIntegratedComponent:63 - No mode defined for component null
2025-06-17 20:34:56,580 [WARN] ModelIntegratedComponent:63 - No mode defined for component null
2025-06-17 20:34:56,580 [WARN] ModelIntegratedComponent:63 - No mode defined for component null
2025-06-17 20:34:56,580 [WARN] ModelIntegratedComponent:63 - No mode defined for component null
2025-06-17 20:34:56,580 [WARN] ModelIntegratedComponent:63 - No mode defined for component null
2025-06-17 20:34:56,580 [WARN] ModelIntegratedComponent:63 - No mode defined for component null
2025-06-17 20:34:56,580 [WARN] ModelIntegratedComponent:63 - No mode defined for component null
2025-06-17 20:34:56,580 [WARN] ModelIntegratedComponent:63 - No mode defined for component null
2025-06-17 20:34:56,580 [WARN] ModelIntegratedComponent:63 - No mode defined for component null
2025-06-17 20:34:56,580 [WARN] ModelIntegratedComponent:63 - No mode defined for component null
2025-06-17 20:34:56,580 [WARN] ModelIntegratedComponent:63 - No mode defined for component null
2025-06-17 20:34:56,580 [WARN] ModelIntegratedComponent:63 - No mode defined for component null
2025-06-17 20:34:56,581 [WARN] ModelIntegratedComponent:63 - No mode defined for component null
2025-06-17 20:34:56,581 [WARN] ModelIntegratedComponent:63 - No mode defined for component null
2025-06-17 20:34:56,581 [WARN] ModelIntegratedComponent:63 - No mode defined for component null
2025-06-17 20:34:56,581 [WARN] ModelIntegratedComponent:63 - No mode defined for component null
2025-06-17 20:34:56,581 [WARN] ModelIntegratedComponent:63 - No mode defined for component null
2025-06-17 20:34:56,581 [WARN] ModelIntegratedComponent:63 - No mode defined for component null
2025-06-17 20:34:56,581 [WARN] ModelIntegratedComponent:63 - No mode defined for component null
2025-06-17 20:34:56,581 [WARN] ModelIntegratedComponent:63 - No mode defined for component null
2025-06-17 20:34:56,581 [WARN] ModelIntegratedComponent:63 - No mode defined for component null
2025-06-17 20:34:56,581 [WARN] ModelIntegratedComponent:63 - No mode defined for component null
2025-06-17 20:34:56,582 [WARN] ModelIntegratedComponent:63 - No mode defined for component null
2025-06-17 20:34:56,582 [WARN] ModelIntegratedComponent:63 - No mode defined for component null
2025-06-17 20:34:56,582 [WARN] ModelIntegratedComponent:63 - No mode defined for component null
2025-06-17 20:34:56,582 [WARN] ModelIntegratedComponent:63 - No mode defined for component null
2025-06-17 20:34:56,582 [WARN] ModelPack:524 - Component already loaded: STMicroelectronics:HAL Drivers:0.0.0:STMicroelectronics:Device:STMicro_Driver:XSPI:HAL::0.0.1:HAL_XSPI
2025-06-17 20:34:57,547 [INFO] ThirdPartyModel:298 - Start build external matchings
2025-06-17 20:35:02,830 [INFO] ThirdPartyModel:316 - End build external matchings
2025-06-17 20:35:03,271 [INFO] UtilMem:75 - End LoadConfig() Used Memory: 767881176 Bytes (977272832)
2025-06-17 20:35:03,320 [WARN] ThirdParty:833 - waiting for thirdparty lock release [change project]
2025-06-17 20:35:03,321 [INFO] ThirdParty:835 - entering critical section [change project]
2025-06-17 20:35:03,321 [INFO] ThirdParty:1030 - CMSIS Pack Vendor :STMicroelectronics X-CUBE-PM33A1 1.0.0
2025-06-17 20:35:03,321 [INFO] ThirdParty:1030 - CMSIS Pack Vendor :STMicroelectronics USBPD 4.1
2025-06-17 20:35:03,321 [INFO] ThirdParty:1030 - CMSIS Pack Vendor :STMicroelectronics X-CUBE-GNSS1 6.0.0
2025-06-17 20:35:03,321 [INFO] ThirdParty:1030 - CMSIS Pack Vendor :STMicroelectronics USB_HOST 2.0.0
2025-06-17 20:35:03,321 [INFO] ThirdParty:1030 - CMSIS Pack Vendor :STMicroelectronics FP-SNS-MOTENVWB1 1.4.0
2025-06-17 20:35:03,322 [INFO] ThirdParty:1030 - CMSIS Pack Vendor :STMicroelectronics X-CUBE-AZRTOS-F4 1.1.0
2025-06-17 20:35:03,322 [INFO] ThirdParty:1030 - CMSIS Pack Vendor :STMicroelectronics LIBJPEG 8.0.0
2025-06-17 20:35:03,322 [INFO] ThirdParty:1030 - CMSIS Pack Vendor :STMicroelectronics FP-ATR-ASTRA1 2.0.2
2025-06-17 20:35:03,322 [INFO] ThirdParty:1030 - CMSIS Pack Vendor :STMicroelectronics FP-ATR-ASTRA1 2.0.1
2025-06-17 20:35:03,322 [INFO] ThirdParty:1030 - CMSIS Pack Vendor :Avnet-IotConnect X-CUBE-IoTC-DA16k-PMOD 1.0.0
2025-06-17 20:35:03,322 [INFO] ThirdParty:1030 - CMSIS Pack Vendor :STMicroelectronics X-CUBE-SMBUS 2.1.0
2025-06-17 20:35:03,322 [INFO] ThirdParty:1030 - CMSIS Pack Vendor :STMicroelectronics X-CUBE-WB05N 1.1.0
2025-06-17 20:35:03,322 [INFO] ThirdParty:1030 - CMSIS Pack Vendor :STMicroelectronics X-CUBE-ISPU 2.1.0
2025-06-17 20:35:03,323 [INFO] ThirdParty:1030 - CMSIS Pack Vendor :STMicroelectronics X-CUBE-FREERTOS 1.2.0
2025-06-17 20:35:03,323 [INFO] ThirdParty:1030 - CMSIS Pack Vendor :STMicroelectronics X-CUBE-ST60 1.0.0
2025-06-17 20:35:03,323 [INFO] ThirdParty:1030 - CMSIS Pack Vendor :STMicroelectronics X-CUBE-TOUCHGFX 4.23.0
2025-06-17 20:35:03,323 [INFO] ThirdParty:1030 - CMSIS Pack Vendor :STMicroelectronics X-CUBE-TOUCHGFX 4.23.2
2025-06-17 20:35:03,323 [INFO] ThirdParty:1030 - CMSIS Pack Vendor :STMicroelectronics X-CUBE-AZRTOS-F7 1.1.0
2025-06-17 20:35:03,323 [INFO] ThirdParty:1030 - CMSIS Pack Vendor :STMicroelectronics X-CUBE-AZRTOS-L5 2.0.0
2025-06-17 20:35:03,323 [INFO] ThirdParty:1030 - CMSIS Pack Vendor :STMicroelectronics USB_DEVICE 2.0.0
2025-06-17 20:35:03,323 [INFO] ThirdParty:1030 - CMSIS Pack Vendor :STMicroelectronics X-CUBE-EEPRMA1 4.2.0
2025-06-17 20:35:03,324 [INFO] ThirdParty:1030 - CMSIS Pack Vendor :STMicroelectronics X-CUBE-NFC6 3.1.0
2025-06-17 20:35:03,324 [INFO] ThirdParty:1030 - CMSIS Pack Vendor :STMicroelectronics FP-SNS-MOTENV1 4.3.2
2025-06-17 20:35:03,324 [INFO] ThirdParty:1030 - CMSIS Pack Vendor :STMicroelectronics X-CUBE-MEMS1 11.0.0
2025-06-17 20:35:03,324 [INFO] ThirdParty:1030 - CMSIS Pack Vendor :STMicroelectronics FreeRTOS 0.0.1
2025-06-17 20:35:03,325 [INFO] ThirdParty:1030 - CMSIS Pack Vendor :STMicroelectronics X-CUBE-DPower 1.2.0
2025-06-17 20:35:03,326 [INFO] ThirdParty:1030 - CMSIS Pack Vendor :STMicroelectronics FP-SNS-FLIGHT1 5.0.2
2025-06-17 20:35:03,327 [INFO] ThirdParty:1030 - CMSIS Pack Vendor :STMicroelectronics X-CUBE-AI 9.0.0
2025-06-17 20:35:03,327 [INFO] ThirdParty:1030 - CMSIS Pack Vendor :STMicroelectronics PDM2PCM 3.3.0
2025-06-17 20:35:03,328 [INFO] ThirdParty:1030 - CMSIS Pack Vendor :STMicroelectronics X-CUBE-DISPLAY 3.0.0
2025-06-17 20:35:03,328 [INFO] ThirdParty:1030 - CMSIS Pack Vendor :STMicroelectronics X-CUBE-BLE1 7.0.0
2025-06-17 20:35:03,328 [INFO] ThirdParty:1030 - CMSIS Pack Vendor :STMicroelectronics X-CUBE-NFC10 1.0.0
2025-06-17 20:35:03,328 [INFO] ThirdParty:1030 - CMSIS Pack Vendor :STMicroelectronics X-CUBE-BLEMGR 4.0.0
2025-06-17 20:35:03,328 [INFO] ThirdParty:1030 - CMSIS Pack Vendor :STMicroelectronics X-CUBE-FREERTOS 1.3.1
2025-06-17 20:35:03,328 [INFO] ThirdParty:1030 - CMSIS Pack Vendor :STMicroelectronics HAL Drivers 0.0.0
2025-06-17 20:35:03,328 [INFO] ThirdParty:1030 - CMSIS Pack Vendor :emotas I-CUBE-CANOPEN 1.3.0
2025-06-17 20:35:03,329 [INFO] ThirdParty:1030 - CMSIS Pack Vendor :STMicroelectronics X-CUBE-FREERTOS 1.3.0
2025-06-17 20:35:03,329 [INFO] ThirdParty:1030 - CMSIS Pack Vendor :STMicroelectronics X-CUBE-NFC7 1.0.1
2025-06-17 20:35:03,329 [INFO] ThirdParty:1030 - CMSIS Pack Vendor :STMicroelectronics MBEDTLS 2.14.1
2025-06-17 20:35:03,329 [INFO] ThirdParty:1030 - CMSIS Pack Vendor :STMicroelectronics X-CUBE-NFC6 3.0.0
2025-06-17 20:35:03,329 [INFO] ThirdParty:1030 - CMSIS Pack Vendor :STMicroelectronics X-CUBE-BLEMGR 3.1.0
2025-06-17 20:35:03,329 [INFO] ThirdParty:1030 - CMSIS Pack Vendor :STMicroelectronics X-CUBE-AI 10.0.0
2025-06-17 20:35:03,331 [INFO] ThirdParty:1030 - CMSIS Pack Vendor :STMicroelectronics FP-SNS-SMARTAG2 1.2.0
2025-06-17 20:35:03,331 [INFO] ThirdParty:1030 - CMSIS Pack Vendor :STMicroelectronics FP-SNS-FLIGHT1 5.1.0
2025-06-17 20:35:03,332 [INFO] ThirdParty:1030 - CMSIS Pack Vendor :STMicroelectronics X-CUBE-MEMS1 11.1.0
2025-06-17 20:35:03,332 [INFO] ThirdParty:1030 - CMSIS Pack Vendor :STMicroelectronics X-CUBE-AZRTOS-WL 2.0.0
2025-06-17 20:35:03,332 [INFO] ThirdParty:1030 - CMSIS Pack Vendor :STMicroelectronics X-CUBE-DPower 1.3.0
2025-06-17 20:35:03,332 [INFO] ThirdParty:1030 - CMSIS Pack Vendor :STMicroelectronics FP-SNS-MOTENV1 5.0.0
2025-06-17 20:35:03,332 [INFO] ThirdParty:1030 - CMSIS Pack Vendor :STMicroelectronics USB_DEVICE 1.0.0
2025-06-17 20:35:03,332 [INFO] ThirdParty:1030 - CMSIS Pack Vendor :STMicroelectronics X-CUBE-AI 8.1.0
2025-06-17 20:35:03,333 [INFO] ThirdParty:1030 - CMSIS Pack Vendor :wolfSSL I-CUBE-wolfMQTT 1.19.0
2025-06-17 20:35:03,333 [INFO] ThirdParty:1030 - CMSIS Pack Vendor :STMicroelectronics X-CUBE-AZRTOS-L4 2.0.0
2025-06-17 20:35:03,333 [INFO] ThirdParty:1030 - CMSIS Pack Vendor :STMicroelectronics ThreadX 0.0.2
2025-06-17 20:35:03,333 [INFO] ThirdParty:1030 - CMSIS Pack Vendor :WES I-CUBE-Cesium 1.3.0
2025-06-17 20:35:03,334 [INFO] ThirdParty:1030 - CMSIS Pack Vendor :STMicroelectronics lwIP 2.1.2
2025-06-17 20:35:03,334 [INFO] ThirdParty:1030 - CMSIS Pack Vendor :STMicroelectronics X-CUBE-SFXS2LP1 4.0.0
2025-06-17 20:35:03,334 [INFO] ThirdParty:1030 - CMSIS Pack Vendor :STMicroelectronics X-CUBE-BLE2 3.3.0
2025-06-17 20:35:03,334 [INFO] ThirdParty:1030 - CMSIS Pack Vendor :STMicroelectronics PDM2PCM 3.2.0
2025-06-17 20:35:03,334 [INFO] ThirdParty:1030 - CMSIS Pack Vendor :STMicroelectronics X-CUBE-AZRTOS-H7 3.3.0
2025-06-17 20:35:03,334 [INFO] ThirdParty:1030 - CMSIS Pack Vendor :STMicroelectronics X-CUBE-NFC9 1.0.0
2025-06-17 20:35:03,334 [INFO] ThirdParty:1030 - CMSIS Pack Vendor :STMicroelectronics X-CUBE-BLE1 7.1.0
2025-06-17 20:35:03,334 [INFO] ThirdParty:1030 - CMSIS Pack Vendor :STMicroelectronics USB_DEVICE 3.0.0
2025-06-17 20:35:03,334 [INFO] ThirdParty:1030 - CMSIS Pack Vendor :STMicroelectronics X-CUBE-TCPP 4.1.0
2025-06-17 20:35:03,334 [INFO] ThirdParty:1030 - CMSIS Pack Vendor :STMicroelectronics X-CUBE-IPS 3.0.0
2025-06-17 20:35:03,335 [INFO] ThirdParty:1030 - CMSIS Pack Vendor :STMicroelectronics X-CUBE-AZRTOS-WB 2.0.0
2025-06-17 20:35:03,335 [INFO] ThirdParty:1030 - CMSIS Pack Vendor :STMicroelectronics X-CUBE-GNSS1 7.0.0
2025-06-17 20:35:03,335 [INFO] ThirdParty:1030 - CMSIS Pack Vendor :STMicroelectronics X-CUBE-GNSS1 7.0.1
2025-06-17 20:35:03,335 [INFO] ThirdParty:1030 - CMSIS Pack Vendor :STMicroelectronics X-CUBE-TOUCHGFX 4.25.0
2025-06-17 20:35:03,335 [INFO] ThirdParty:1030 - CMSIS Pack Vendor :STMicroelectronics X-CUBE-AI 10.1.0
2025-06-17 20:35:03,336 [INFO] ThirdParty:1030 - CMSIS Pack Vendor :STMicroelectronics FP-SNS-STBOX1 2.0.0
2025-06-17 20:35:03,336 [INFO] ThirdParty:1030 - CMSIS Pack Vendor :STMicroelectronics X-CUBE-ALGOBUILD 1.3.0
2025-06-17 20:35:03,337 [INFO] ThirdParty:1030 - CMSIS Pack Vendor :STMicroelectronics X-CUBE-MEMS1 11.2.0
2025-06-17 20:35:03,337 [INFO] ThirdParty:1030 - CMSIS Pack Vendor :STMicroelectronics X-CUBE-AZRTOS-G0 1.1.0
2025-06-17 20:35:03,338 [INFO] ThirdParty:1030 - CMSIS Pack Vendor :STMicroelectronics X-CUBE-SAFEA1 1.2.2
2025-06-17 20:35:03,338 [INFO] ThirdParty:1030 - CMSIS Pack Vendor :STMicroelectronics X-CUBE-NFC4 3.0.0
2025-06-17 20:35:03,339 [INFO] ThirdParty:1030 - CMSIS Pack Vendor :STMicroelectronics X-CUBE-SUBG2 5.0.0
2025-06-17 20:35:03,339 [INFO] ThirdParty:1030 - CMSIS Pack Vendor :STMicroelectronics X-CUBE-AZRTOS-H7RS 1.1.0
2025-06-17 20:35:03,340 [INFO] ThirdParty:1030 - CMSIS Pack Vendor :STMicroelectronics STM32_WPAN 1.0.0
2025-06-17 20:35:03,340 [INFO] ThirdParty:1030 - CMSIS Pack Vendor :EmbeddedOffice I-CUBE-FS-RTOS 1.0.1
2025-06-17 20:35:03,341 [INFO] ThirdParty:1030 - CMSIS Pack Vendor :STMicroelectronics lwIP 2.0.3
2025-06-17 20:35:03,341 [INFO] ThirdParty:1030 - CMSIS Pack Vendor :Cesanta I-CUBE-Mongoose 7.13.0
2025-06-17 20:35:03,341 [INFO] ThirdParty:1030 - CMSIS Pack Vendor :STMicroelectronics USB_HOST 1.0.0
2025-06-17 20:35:03,341 [INFO] ThirdParty:1030 - CMSIS Pack Vendor :STMicroelectronics X-CUBE-AZRTOS-G4 2.0.0
2025-06-17 20:35:03,343 [INFO] ThirdParty:1030 - CMSIS Pack Vendor :STMicroelectronics X-CUBE-WB05N 2.0.0
2025-06-17 20:35:03,343 [INFO] ThirdParty:1030 - CMSIS Pack Vendor :STMicroelectronics PDM2PCM 3.1.0
2025-06-17 20:35:03,343 [INFO] ThirdParty:1030 - CMSIS Pack Vendor :STMicroelectronics X-CUBE-BLEMGR 3.0.0
2025-06-17 20:35:03,343 [INFO] ThirdParty:1030 - CMSIS Pack Vendor :STMicroelectronics X-CUBE-NFC7 2.0.0
2025-06-17 20:35:03,343 [INFO] ThirdParty:1030 - CMSIS Pack Vendor :STMicroelectronics X-CUBE-TCPP 4.2.0
2025-06-17 20:35:03,343 [INFO] ThirdParty:1030 - CMSIS Pack Vendor :RealThread X-CUBE-RT-Thread_Nano 4.1.1
2025-06-17 20:35:03,343 [INFO] ThirdParty:1030 - CMSIS Pack Vendor :wolfSSL I-CUBE-wolfSSL 5.7.0
2025-06-17 20:35:03,344 [INFO] ThirdParty:1030 - CMSIS Pack Vendor :STMicroelectronics FP-SNS-MOTENVWB1 1.3.1
2025-06-17 20:35:03,344 [INFO] ThirdParty:1030 - CMSIS Pack Vendor :STMicroelectronics FP-ATR-SIGFOX1 3.2.0
2025-06-17 20:35:03,344 [INFO] ThirdParty:1030 - CMSIS Pack Vendor :quantropi X-CUBE-qispace-sdk-base 1.9.3
2025-06-17 20:35:03,344 [INFO] ThirdParty:1030 - CMSIS Pack Vendor :STMicroelectronics X-CUBE-ISPU 2.0.0
2025-06-17 20:35:03,344 [INFO] ThirdParty:1030 - CMSIS Pack Vendor :STMicroelectronics X-CUBE-EEPRMA1 5.1.0
2025-06-17 20:35:03,344 [INFO] ThirdParty:1030 - CMSIS Pack Vendor :STMicroelectronics MBEDTLS 2.16.2
2025-06-17 20:35:03,346 [INFO] ThirdParty:1030 - CMSIS Pack Vendor :STMicroelectronics X-CUBE-IPS 3.1.0
2025-06-17 20:35:03,346 [INFO] ThirdParty:1030 - CMSIS Pack Vendor :STMicroelectronics X-CUBE-ALS 1.0.2
2025-06-17 20:35:03,346 [INFO] ThirdParty:1030 - CMSIS Pack Vendor :STMicroelectronics X-CUBE-MEMS1 10.0.0
2025-06-17 20:35:03,346 [INFO] ThirdParty:1030 - CMSIS Pack Vendor :STMicroelectronics X-CUBE-FREERTOS 1.1.0
2025-06-17 20:35:03,346 [INFO] ThirdParty:1030 - CMSIS Pack Vendor :STMicroelectronics X-CUBE-TOUCHGFX 4.24.0
2025-06-17 20:35:03,346 [INFO] ThirdParty:1030 - CMSIS Pack Vendor :ITTIA_DB I-CUBE-ITTIADB 8.9.0
2025-06-17 20:35:03,346 [INFO] ThirdParty:1030 - CMSIS Pack Vendor :STMicroelectronics X-CUBE-TOUCHGFX 4.24.2
2025-06-17 20:35:03,346 [INFO] ThirdParty:1030 - CMSIS Pack Vendor :STMicroelectronics X-CUBE-TOUCHGFX 4.24.1
2025-06-17 20:35:03,346 [INFO] ThirdParty:1030 - CMSIS Pack Vendor :wolfSSL I-CUBE-wolfTPM 3.4.0
2025-06-17 20:35:03,346 [INFO] ThirdParty:1030 - CMSIS Pack Vendor :portGmbH I-Cube-SoM-uGOAL 1.1.0
2025-06-17 20:35:03,346 [INFO] ThirdParty:1030 - CMSIS Pack Vendor :STMicroelectronics X-CUBE-ALS 1.0.1
2025-06-17 20:35:03,346 [INFO] ThirdParty:1030 - CMSIS Pack Vendor :STMicroelectronics X-CUBE-ST67W61 1.0.0
2025-06-17 20:35:03,346 [INFO] ThirdParty:1030 - CMSIS Pack Vendor :STMicroelectronics ThreadX 1.0.0
2025-06-17 20:35:03,347 [INFO] ThirdParty:1030 - CMSIS Pack Vendor :SEGGER I-CUBE-embOS 1.3.1
2025-06-17 20:35:03,347 [INFO] ThirdParty:1030 - CMSIS Pack Vendor :STMicroelectronics X-CUBE-ALGOBUILD 1.4.0
2025-06-17 20:35:03,347 [INFO] ThirdParty:1030 - CMSIS Pack Vendor :STMicroelectronics X-CUBE-MEMS1 11.3.0
2025-06-17 20:35:03,347 [INFO] ThirdParty:1030 - CMSIS Pack Vendor :STMicroelectronics X-CUBE-AZRTOS-H7RS 1.0.0
2025-06-17 20:35:03,347 [INFO] ThirdParty:1030 - CMSIS Pack Vendor :STMicroelectronics FP-ATR-ASTRA1 2.0.0
2025-06-17 20:35:03,347 [INFO] ThirdParty:1030 - CMSIS Pack Vendor :STMicroelectronics X-CUBE-TOF1 3.4.2
2025-06-17 20:35:03,347 [INFO] ThirdParty:1030 - CMSIS Pack Vendor :STMicroelectronics X-CUBE-TOF1 3.4.3
2025-06-17 20:35:03,347 [INFO] ThirdParty:1030 - CMSIS Pack Vendor :STMicroelectronics X-CUBE-AI 9.1.0
2025-06-17 20:35:03,347 [INFO] ThirdParty:1030 - CMSIS Pack Vendor :STMicroelectronics X-CUBE-TOF1 3.4.0
2025-06-17 20:35:03,347 [INFO] ThirdParty:1030 - CMSIS Pack Vendor :STMicroelectronics X-CUBE-TOF1 3.4.1
2025-06-17 20:35:03,347 [INFO] ThirdParty:1030 - CMSIS Pack Vendor :STMicroelectronics X-CUBE-AZRTOS-H7 3.2.0
2025-06-17 20:35:03,347 [INFO] ThirdParty:1030 - CMSIS Pack Vendor :Infineon AIROC-Wi-Fi-Bluetooth-STM32 1.6.0
2025-06-17 20:35:03,347 [INFO] ThirdParty:1030 - CMSIS Pack Vendor :wolfSSL I-CUBE-wolfSSH 1.4.17
2025-06-17 20:35:03,348 [INFO] ThirdParty:841 - exiting critical section [change project]
2025-06-17 20:35:04,196 [INFO] PinOutPanel:1589 - setPackage(No Configuration,No Configuration)
2025-06-17 20:35:04,198 [INFO] PinOutPanel:1589 - setPackage(STM32F103C8Tx,LQFP48)
2025-06-17 20:35:05,200 [INFO] UtilMem:75 - Before build in PCC Used Memory: 528852608 Bytes (977272832)
2025-06-17 20:35:06,637 [INFO] UtilMem:75 - After build in PCC Used Memory: 721237944 Bytes (977272832)
2025-06-17 20:35:06,710 [INFO] IPUIPlugin:80 - create IPUIPlugin
2025-06-17 20:35:06,711 [INFO] IPUIPlugin:80 - create IPUIPlugin
2025-06-17 20:35:06,711 [INFO] IPUIPlugin:80 - create IPUIPlugin
2025-06-17 20:35:06,712 [INFO] IPUIPlugin:80 - create IPUIPlugin
2025-06-17 20:35:06,712 [INFO] IPUIPlugin:80 - create IPUIPlugin
2025-06-17 20:35:06,712 [INFO] IPUIPlugin:80 - create IPUIPlugin
2025-06-17 20:35:06,713 [INFO] IPUIPlugin:80 - create IPUIPlugin
2025-06-17 20:35:06,713 [INFO] IPUIPlugin:80 - create IPUIPlugin
2025-06-17 20:35:06,713 [INFO] IPUIPlugin:80 - create IPUIPlugin
2025-06-17 20:35:06,714 [INFO] IPUIPlugin:80 - create IPUIPlugin
2025-06-17 20:35:06,714 [INFO] IPUIPlugin:80 - create IPUIPlugin
2025-06-17 20:35:06,714 [INFO] IPUIPlugin:80 - create IPUIPlugin
2025-06-17 20:35:06,715 [INFO] IPUIPlugin:80 - create IPUIPlugin
2025-06-17 20:35:06,716 [INFO] IPUIPlugin:80 - create IPUIPlugin
2025-06-17 20:35:06,716 [INFO] IPUIPlugin:80 - create IPUIPlugin
2025-06-17 20:35:06,717 [INFO] IPUIPlugin:80 - create IPUIPlugin
2025-06-17 20:35:06,717 [INFO] IPUIPlugin:80 - create IPUIPlugin
2025-06-17 20:35:06,720 [INFO] IPUIPlugin:80 - create IPUIPlugin
2025-06-17 20:35:06,721 [INFO] IPUIPlugin:80 - create IPUIPlugin
2025-06-17 20:35:06,721 [INFO] IPUIPlugin:80 - create IPUIPlugin
2025-06-17 20:35:06,721 [INFO] IPUIPlugin:80 - create IPUIPlugin
2025-06-17 20:35:06,723 [INFO] IPUIPlugin:80 - create IPUIPlugin
2025-06-17 20:35:06,723 [INFO] IPUIPlugin:80 - create IPUIPlugin
2025-06-17 20:35:06,724 [INFO] IPUIPlugin:80 - create IPUIPlugin
2025-06-17 20:35:06,725 [INFO] IPUIPlugin:80 - create IPUIPlugin
2025-06-17 20:35:06,726 [INFO] IPUIPlugin:80 - create IPUIPlugin
2025-06-17 20:35:06,727 [INFO] IPUIPlugin:80 - create IPUIPlugin
2025-06-17 20:35:07,096 [INFO] CADModel:165 - CPN selected for project levelSTM32F103C8T6
2025-06-17 20:35:07,096 [INFO] CADModel:114 - Register for checkConnection events
2025-06-17 20:35:07,150 [INFO] OpenFileManager:385 - Restore cursor
2025-06-17 20:35:08,503 [INFO] UtilMem:75 - End SaveConfig() Used Memory: 817078416 Bytes (977272832)
2025-06-17 20:35:08,627 [INFO] UtilMem:75 - End SaveConfig() Used Memory: 830714256 Bytes (977272832)
2025-06-17 20:35:09,691 [INFO] BlockDiagram:2775 - set Specific Code input for plugin: NVIC
2025-06-17 20:35:09,692 [INFO] BlockDiagram:2775 - set Specific Code input for plugin: RCC
2025-06-17 20:35:09,694 [INFO] CodeGenerator:882 - code generatio: config db path: C:\ST\STM32CubeIDE_1.18.0\STM32CubeIDE\plugins\com.st.stm32cube.common.mx_6.14.1.202504091515\\db\
2025-06-17 20:35:09,898 [INFO] CodeEngine:263 - oldGeneratedFile, C:\GIT\CODIGO_TRAB_FINAL\Acionar_injetor_Gol\MXTmpFiles\license.tmp_save
2025-06-17 20:35:10,694 [INFO] CodeEngine:287 - Generated code: C:\GIT\CODIGO_TRAB_FINAL\Acionar_injetor_Gol\MXTmpFiles\license.tmp
2025-06-17 20:35:10,735 [INFO] CodeEngine:263 - oldGeneratedFile, C:\GIT\CODIGO_TRAB_FINAL\Acionar_injetor_Gol\Core\Src\stm32f1xx_it.c_save
2025-06-17 20:35:11,112 [INFO] CodeEngine:287 - Generated code: C:\GIT\CODIGO_TRAB_FINAL\Acionar_injetor_Gol\Core\Src\stm32f1xx_it.c
2025-06-17 20:35:11,122 [INFO] CodeEngine:263 - oldGeneratedFile, C:\GIT\CODIGO_TRAB_FINAL\Acionar_injetor_Gol\Core\Inc\stm32f1xx_it.h_save
2025-06-17 20:35:11,332 [INFO] CodeEngine:287 - Generated code: C:\GIT\CODIGO_TRAB_FINAL\Acionar_injetor_Gol\Core\Inc\stm32f1xx_it.h
2025-06-17 20:35:11,502 [INFO] CodeEngine:263 - oldGeneratedFile, C:\GIT\CODIGO_TRAB_FINAL\Acionar_injetor_Gol\Core\Src\stm32f1xx_hal_msp.c_save
2025-06-17 20:35:11,799 [INFO] CodeEngine:287 - Generated code: C:\GIT\CODIGO_TRAB_FINAL\Acionar_injetor_Gol\Core\Src\stm32f1xx_hal_msp.c
2025-06-17 20:35:11,810 [INFO] CodeEngine:263 - oldGeneratedFile, C:\GIT\CODIGO_TRAB_FINAL\Acionar_injetor_Gol\MXTmpFiles\system.tmp_save
2025-06-17 20:35:11,986 [INFO] CodeEngine:287 - Generated code: C:\GIT\CODIGO_TRAB_FINAL\Acionar_injetor_Gol\MXTmpFiles\system.tmp
2025-06-17 20:35:12,021 [INFO] CodeEngine:319 - oldGeneratedFile, C:\GIT\CODIGO_TRAB_FINAL\Acionar_injetor_Gol\Core\Inc\stm32f1xx_hal_conf.h_save
2025-06-17 20:35:12,162 [INFO] CodeEngine:343 - Generated code: C:\GIT\CODIGO_TRAB_FINAL\Acionar_injetor_Gol\Core\Inc\stm32f1xx_hal_conf.h
2025-06-17 20:35:12,234 [INFO] ApiDbMcu:508 - Load IP Config File for RCC
2025-06-17 20:35:12,253 [INFO] CodeEngine:263 - oldGeneratedFile, C:\GIT\CODIGO_TRAB_FINAL\Acionar_injetor_Gol\Core\Inc\main.h_save
2025-06-17 20:35:12,418 [INFO] CodeEngine:287 - Generated code: C:\GIT\CODIGO_TRAB_FINAL\Acionar_injetor_Gol\Core\Inc\main.h
2025-06-17 20:35:12,429 [INFO] CodeEngine:263 - oldGeneratedFile, C:\GIT\CODIGO_TRAB_FINAL\Acionar_injetor_Gol\Core\Src\main.c_save
2025-06-17 20:35:12,687 [INFO] CodeEngine:287 - Generated code: C:\GIT\CODIGO_TRAB_FINAL\Acionar_injetor_Gol\Core\Src\main.c
2025-06-17 20:35:13,419 [INFO] ProjectBuilder:3324 - Time for Copy HAL[1] : 275mS.
2025-06-17 20:35:13,438 [INFO] ProjectBuilder:4912 - Project Generator version: 4.6.0.1-B1
2025-06-17 20:35:13,650 [INFO] ConfigFileManager:1590 - The Die is : DIE410
2025-06-17 20:35:13,665 [INFO] ApiDbMcu:508 - Load IP Config File for FATFS
2025-06-17 20:35:13,677 [INFO] ApiDbMcu:508 - Load IP Config File for FREERTOS
2025-06-17 20:35:13,694 [INFO] ApiDbMcu:508 - Load IP Config File for USB_DEVICE
2025-06-17 20:35:14,538 [INFO] LogOutputStream:77 - [STDOUT_REDIRECT] 
2025-06-17 20:35:19,986 [INFO] ProjectBuilder:5191 - Time for Generating toolchain IDE Files: 6549mS.
2025-06-17 20:35:19,988 [INFO] ProjectBuilder:3181 - Time for Copy CMSIS : 1mS.
2025-06-17 20:35:19,995 [INFO] ProjectBuilder:3181 - Time for Copy CMSIS : 0mS.
2025-06-17 20:35:21,638 [INFO] McuFinderGlobals:76 - Set McuFinderConnectedMode to true
2025-06-17 20:35:21,651 [INFO] ApiDb:448 - Save user favorites file C:\Users\User/.stm32cubeide/favorites.mcus.txt: 1 item(s)
2025-06-17 20:35:21,652 [INFO] ApiDb:452 - User favorites MCUs=[STM32F103C8T6]
2025-06-17 20:38:12,610 [INFO] ADCParametersView:116 -                Rank 1 : false
2025-06-17 20:38:12,643 [INFO] ADCParametersView:116 -                Rank 1 : false
2025-06-17 20:38:12,643 [INFO] ADCParametersView:116 -                Rank 1 : false
2025-06-17 20:38:12,645 [INFO] ADCParametersView:116 -                Rank 1 : false
2025-06-17 20:38:12,645 [INFO] ADCParametersView:116 -                Rank 1 : false
2025-06-17 20:38:12,645 [INFO] ADCParametersView:116 -                Rank 1 : false
2025-06-17 20:38:12,645 [INFO] ADCParametersView:116 -                Rank 1 : false
2025-06-17 20:38:12,645 [INFO] ADCParametersView:116 -                Rank 1 : false
2025-06-17 20:38:12,645 [INFO] ADCParametersView:116 -                Rank 1 : false
2025-06-17 20:38:12,645 [INFO] ADCParametersView:116 -                Rank 1 : false
2025-06-17 20:38:12,645 [INFO] ADCParametersView:116 -                Rank 1 : false
2025-06-17 20:38:12,652 [INFO] ADCParametersView:116 -                Rank 1 : false
2025-06-17 20:38:12,733 [INFO] NvicIntPanel:101 - NVIC parent = com.st.microxplorer.plugins.ip.nvic.MultiNvicIntPanel[,0,0,0x0,invalid,layout=javax.swing.BoxLayout,alignmentX=0.0,alignmentY=0.0,border=,flags=9,maximumSize=,minimumSize=,preferredSize=]
2025-06-17 20:38:12,830 [INFO] NvicIntPanel:101 - NVIC parent = com.st.microxplorer.plugins.ip.nvic.MultiNvicIntPanel[,0,0,0x0,invalid,layout=javax.swing.BoxLayout,alignmentX=0.0,alignmentY=0.0,border=,flags=9,maximumSize=,minimumSize=,preferredSize=]
2025-06-17 20:38:12,912 [INFO] NvicIntPanel:101 - NVIC parent = com.st.microxplorer.plugins.ip.nvic.MultiNvicIntPanel[,0,0,0x0,invalid,layout=javax.swing.BoxLayout,alignmentX=0.0,alignmentY=0.0,border=,flags=9,maximumSize=,minimumSize=,preferredSize=]
2025-06-17 20:38:12,976 [INFO] ADCParametersView:116 -                Rank 1 : false
2025-06-17 20:38:12,976 [INFO] ADCParametersView:116 -                Rank 1 : false
2025-06-17 20:38:12,977 [INFO] ADCParametersView:116 -                Rank 1 : false
2025-06-17 20:38:12,978 [INFO] ADCParametersView:116 -                Rank 1 : false
2025-06-17 20:38:12,978 [INFO] ADCParametersView:116 -                Rank 1 : false
2025-06-17 20:38:12,978 [INFO] ADCParametersView:116 -                Rank 1 : false
2025-06-17 20:38:12,978 [INFO] ADCParametersView:116 -                Rank 1 : false
2025-06-17 20:38:12,978 [INFO] ADCParametersView:116 -                Rank 1 : false
2025-06-17 20:38:12,978 [INFO] ADCParametersView:116 -                Rank 1 : false
2025-06-17 20:38:12,978 [INFO] ADCParametersView:116 -                Rank 1 : false
2025-06-17 20:38:12,991 [INFO] ADCParametersView:116 -                Rank 1 : false
2025-06-17 20:38:13,029 [INFO] ADCParametersView:116 -                Rank 1 : false
2025-06-17 20:38:13,030 [INFO] ADCParametersView:116 -                Rank 1 : false
2025-06-17 20:38:13,031 [INFO] ADCParametersView:116 -                Rank 1 : false
2025-06-17 20:38:13,031 [INFO] ADCParametersView:116 -                Rank 1 : false
2025-06-17 20:38:13,031 [INFO] ADCParametersView:116 -                Rank 1 : false
2025-06-17 20:38:13,031 [INFO] ADCParametersView:116 -                Rank 1 : false
2025-06-17 20:38:13,031 [INFO] ADCParametersView:116 -                Rank 1 : false
2025-06-17 20:38:13,032 [INFO] ADCParametersView:116 -                Rank 1 : false
2025-06-17 20:38:13,032 [INFO] ADCParametersView:116 -                Rank 1 : false
2025-06-17 20:38:13,032 [INFO] ADCParametersView:116 -                Rank 1 : false
2025-06-17 20:38:13,044 [INFO] ADCParametersView:116 -                Rank 1 : false
2025-06-17 20:38:14,607 [INFO] ADCParametersView:116 -                Rank 1 : false
2025-06-17 20:38:14,607 [INFO] ADCParametersView:116 -                Rank 1 : false
2025-06-17 20:38:14,607 [INFO] ADCParametersView:116 -                Rank 1 : false
2025-06-17 20:38:14,607 [INFO] ADCParametersView:116 -                Rank 1 : false
2025-06-17 20:38:14,608 [INFO] ADCParametersView:116 -                Rank 1 : false
2025-06-17 20:38:14,608 [INFO] ADCParametersView:116 -                Rank 1 : false
2025-06-17 20:38:14,608 [INFO] ADCParametersView:116 -                Rank 1 : false
2025-06-17 20:38:14,608 [INFO] ADCParametersView:116 -                Rank 1 : false
2025-06-17 20:38:14,608 [INFO] ADCParametersView:116 -                Rank 1 : false
2025-06-17 20:38:14,609 [INFO] ADCParametersView:116 -                Rank 1 : false
2025-06-17 20:38:14,614 [INFO] ADCParametersView:116 -                Rank 1 : false
2025-06-17 20:38:14,636 [INFO] ADCParametersView:116 -                Rank 1 : false
2025-06-17 20:38:14,636 [INFO] ADCParametersView:116 -                Rank 1 : false
2025-06-17 20:38:14,636 [INFO] ADCParametersView:116 -                Rank 1 : false
2025-06-17 20:38:14,637 [INFO] ADCParametersView:116 -                Rank 1 : false
2025-06-17 20:38:14,637 [INFO] ADCParametersView:116 -                Rank 1 : false
2025-06-17 20:38:14,637 [INFO] ADCParametersView:116 -                Rank 1 : false
2025-06-17 20:38:14,637 [INFO] ADCParametersView:116 -                Rank 1 : false
2025-06-17 20:38:14,637 [INFO] ADCParametersView:116 -                Rank 1 : false
2025-06-17 20:38:14,638 [INFO] ADCParametersView:116 -                Rank 1 : false
2025-06-17 20:38:14,638 [INFO] ADCParametersView:116 -                Rank 1 : false
2025-06-17 20:38:14,644 [INFO] ADCParametersView:116 -                Rank 1 : false
2025-06-17 20:38:14,685 [INFO] ADCParametersView:116 -                Rank 1 : false
2025-06-17 20:38:14,686 [INFO] ADCParametersView:116 -                Rank 1 : false
2025-06-17 20:38:14,686 [INFO] ADCParametersView:116 -                Rank 1 : false
2025-06-17 20:38:14,686 [INFO] ADCParametersView:116 -                Rank 1 : false
2025-06-17 20:38:14,686 [INFO] ADCParametersView:116 -                Rank 1 : false
2025-06-17 20:38:14,686 [INFO] ADCParametersView:116 -                Rank 1 : false
2025-06-17 20:38:14,686 [INFO] ADCParametersView:116 -                Rank 1 : false
2025-06-17 20:38:14,686 [INFO] ADCParametersView:116 -                Rank 1 : false
2025-06-17 20:38:14,686 [INFO] ADCParametersView:116 -                Rank 1 : false
2025-06-17 20:38:14,686 [INFO] ADCParametersView:116 -                Rank 1 : false
2025-06-17 20:38:14,694 [INFO] ADCParametersView:116 -                Rank 1 : false
2025-06-17 20:38:14,713 [INFO] ADCParametersView:116 -                Rank 1 : false
2025-06-17 20:38:14,713 [INFO] ADCParametersView:116 -                Rank 1 : false
2025-06-17 20:38:14,713 [INFO] ADCParametersView:116 -                Rank 1 : false
2025-06-17 20:38:14,713 [INFO] ADCParametersView:116 -                Rank 1 : false
2025-06-17 20:38:14,713 [INFO] ADCParametersView:116 -                Rank 1 : false
2025-06-17 20:38:14,713 [INFO] ADCParametersView:116 -                Rank 1 : false
2025-06-17 20:38:14,713 [INFO] ADCParametersView:116 -                Rank 1 : false
2025-06-17 20:38:14,714 [INFO] ADCParametersView:116 -                Rank 1 : false
2025-06-17 20:38:14,714 [INFO] ADCParametersView:116 -                Rank 1 : false
2025-06-17 20:38:14,714 [INFO] ADCParametersView:116 -                Rank 1 : false
2025-06-17 20:38:14,717 [INFO] ADCParametersView:116 -                Rank 1 : false
2025-06-17 20:38:14,785 [INFO] ADCParametersView:116 -                Rank 1 : false
2025-06-17 20:38:14,786 [INFO] ADCParametersView:116 -                Rank 1 : false
2025-06-17 20:38:14,786 [INFO] ADCParametersView:116 -                Rank 1 : false
2025-06-17 20:38:14,786 [INFO] ADCParametersView:116 -                Rank 1 : false
2025-06-17 20:38:14,787 [INFO] ADCParametersView:116 -                Rank 1 : false
2025-06-17 20:38:14,787 [INFO] ADCParametersView:116 -                Rank 1 : false
2025-06-17 20:38:14,787 [INFO] ADCParametersView:116 -                Rank 1 : false
2025-06-17 20:38:14,787 [INFO] ADCParametersView:116 -                Rank 1 : false
2025-06-17 20:38:14,787 [INFO] ADCParametersView:116 -                Rank 1 : false
2025-06-17 20:38:14,788 [INFO] ADCParametersView:116 -                Rank 1 : false
2025-06-17 20:38:14,794 [INFO] ADCParametersView:116 -                Rank 1 : false
2025-06-17 20:38:14,810 [INFO] ADCParametersView:116 -                Rank 1 : false
2025-06-17 20:38:14,811 [INFO] ADCParametersView:116 -                Rank 1 : false
2025-06-17 20:38:14,811 [INFO] ADCParametersView:116 -                Rank 1 : false
2025-06-17 20:38:14,811 [INFO] ADCParametersView:116 -                Rank 1 : false
2025-06-17 20:38:14,811 [INFO] ADCParametersView:116 -                Rank 1 : false
2025-06-17 20:38:14,811 [INFO] ADCParametersView:116 -                Rank 1 : false
2025-06-17 20:38:14,811 [INFO] ADCParametersView:116 -                Rank 1 : false
2025-06-17 20:38:14,811 [INFO] ADCParametersView:116 -                Rank 1 : false
2025-06-17 20:38:14,811 [INFO] ADCParametersView:116 -                Rank 1 : false
2025-06-17 20:38:14,811 [INFO] ADCParametersView:116 -                Rank 1 : false
2025-06-17 20:38:14,816 [INFO] ADCParametersView:116 -                Rank 1 : false
2025-06-17 20:38:16,014 [INFO] ADCParametersView:116 -                Rank 1 : false
2025-06-17 20:38:16,014 [INFO] ADCParametersView:116 -                Rank 1 : false
2025-06-17 20:38:16,014 [INFO] ADCParametersView:116 -                Rank 1 : false
2025-06-17 20:38:16,014 [INFO] ADCParametersView:116 -                Rank 1 : false
2025-06-17 20:38:16,014 [INFO] ADCParametersView:116 -                Rank 1 : false
2025-06-17 20:38:16,014 [INFO] ADCParametersView:116 -                Rank 1 : false
2025-06-17 20:38:16,015 [INFO] ADCParametersView:116 -                Rank 1 : false
2025-06-17 20:38:16,015 [INFO] ADCParametersView:116 -                Rank 1 : false
2025-06-17 20:38:16,015 [INFO] ADCParametersView:116 -                Rank 1 : false
2025-06-17 20:38:16,015 [INFO] ADCParametersView:116 -                Rank 1 : false
2025-06-17 20:38:16,023 [INFO] ADCParametersView:116 -                Rank 1 : false
2025-06-17 20:38:16,050 [INFO] ADCParametersView:116 -                Rank 1 : false
2025-06-17 20:38:16,050 [INFO] ADCParametersView:116 -                Rank 1 : false
2025-06-17 20:38:16,052 [INFO] ADCParametersView:116 -                Rank 1 : false
2025-06-17 20:38:16,052 [INFO] ADCParametersView:116 -                Rank 1 : false
2025-06-17 20:38:16,052 [INFO] ADCParametersView:116 -                Rank 1 : false
2025-06-17 20:38:16,052 [INFO] ADCParametersView:116 -                Rank 1 : false
2025-06-17 20:38:16,052 [INFO] ADCParametersView:116 -                Rank 1 : false
2025-06-17 20:38:16,053 [INFO] ADCParametersView:116 -                Rank 1 : false
2025-06-17 20:38:16,053 [INFO] ADCParametersView:116 -                Rank 1 : false
2025-06-17 20:38:16,053 [INFO] ADCParametersView:116 -                Rank 1 : false
2025-06-17 20:38:16,062 [INFO] ADCParametersView:116 -                Rank 1 : false
2025-06-17 20:38:16,102 [INFO] ADCParametersView:116 -                Rank 1 : false
2025-06-17 20:38:16,102 [INFO] ADCParametersView:116 -                Rank 1 : false
2025-06-17 20:38:16,102 [INFO] ADCParametersView:116 -                Rank 1 : false
2025-06-17 20:38:16,102 [INFO] ADCParametersView:116 -                Rank 1 : false
2025-06-17 20:38:16,102 [INFO] ADCParametersView:116 -                Rank 1 : false
2025-06-17 20:38:16,102 [INFO] ADCParametersView:116 -                Rank 1 : false
2025-06-17 20:38:16,103 [INFO] ADCParametersView:116 -                Rank 1 : false
2025-06-17 20:38:16,103 [INFO] ADCParametersView:116 -                Rank 1 : false
2025-06-17 20:38:16,103 [INFO] ADCParametersView:116 -                Rank 1 : false
2025-06-17 20:38:16,103 [INFO] ADCParametersView:116 -                Rank 1 : false
2025-06-17 20:38:16,109 [INFO] ADCParametersView:116 -                Rank 1 : false
2025-06-17 20:38:16,125 [INFO] ADCParametersView:116 -                Rank 1 : false
2025-06-17 20:38:16,125 [INFO] ADCParametersView:116 -                Rank 1 : false
2025-06-17 20:38:16,125 [INFO] ADCParametersView:116 -                Rank 1 : false
2025-06-17 20:38:16,125 [INFO] ADCParametersView:116 -                Rank 1 : false
2025-06-17 20:38:16,125 [INFO] ADCParametersView:116 -                Rank 1 : false
2025-06-17 20:38:16,125 [INFO] ADCParametersView:116 -                Rank 1 : false
2025-06-17 20:38:16,125 [INFO] ADCParametersView:116 -                Rank 1 : false
2025-06-17 20:38:16,125 [INFO] ADCParametersView:116 -                Rank 1 : false
2025-06-17 20:38:16,125 [INFO] ADCParametersView:116 -                Rank 1 : false
2025-06-17 20:38:16,125 [INFO] ADCParametersView:116 -                Rank 1 : false
2025-06-17 20:38:16,132 [INFO] ADCParametersView:116 -                Rank 1 : false
2025-06-17 20:38:16,231 [INFO] ADCParametersView:116 -                Rank 1 : false
2025-06-17 20:38:16,231 [INFO] ADCParametersView:116 -                Rank 1 : false
2025-06-17 20:38:16,232 [INFO] ADCParametersView:116 -                Rank 1 : false
2025-06-17 20:38:16,232 [INFO] ADCParametersView:116 -                Rank 1 : false
2025-06-17 20:38:16,232 [INFO] ADCParametersView:116 -                Rank 1 : false
2025-06-17 20:38:16,233 [INFO] ADCParametersView:116 -                Rank 1 : false
2025-06-17 20:38:16,233 [INFO] ADCParametersView:116 -                Rank 1 : false
2025-06-17 20:38:16,233 [INFO] ADCParametersView:116 -                Rank 1 : false
2025-06-17 20:38:16,233 [INFO] ADCParametersView:116 -                Rank 1 : false
2025-06-17 20:38:16,233 [INFO] ADCParametersView:116 -                Rank 1 : false
2025-06-17 20:38:16,243 [INFO] ADCParametersView:116 -                Rank 1 : false
2025-06-17 20:38:16,270 [INFO] ADCParametersView:116 -                Rank 1 : false
2025-06-17 20:38:16,270 [INFO] ADCParametersView:116 -                Rank 1 : false
2025-06-17 20:38:16,270 [INFO] ADCParametersView:116 -                Rank 1 : false
2025-06-17 20:38:16,271 [INFO] ADCParametersView:116 -                Rank 1 : false
2025-06-17 20:38:16,271 [INFO] ADCParametersView:116 -                Rank 1 : false
2025-06-17 20:38:16,272 [INFO] ADCParametersView:116 -                Rank 1 : false
2025-06-17 20:38:16,272 [INFO] ADCParametersView:116 -                Rank 1 : false
2025-06-17 20:38:16,273 [INFO] ADCParametersView:116 -                Rank 1 : false
2025-06-17 20:38:16,273 [INFO] ADCParametersView:116 -                Rank 1 : false
2025-06-17 20:38:16,273 [INFO] ADCParametersView:116 -                Rank 1 : false
2025-06-17 20:38:16,279 [INFO] ADCParametersView:116 -                Rank 1 : false
2025-06-17 20:38:17,856 [INFO] ADCParametersView:116 -                Rank 1 : false
2025-06-17 20:38:17,857 [INFO] ADCParametersView:116 -                Rank 1 : false
2025-06-17 20:38:17,857 [INFO] ADCParametersView:116 -                Rank 1 : false
2025-06-17 20:38:17,857 [INFO] ADCParametersView:116 -                Rank 1 : false
2025-06-17 20:38:17,857 [INFO] ADCParametersView:116 -                Rank 1 : false
2025-06-17 20:38:17,857 [INFO] ADCParametersView:116 -                Rank 1 : false
2025-06-17 20:38:17,857 [INFO] ADCParametersView:116 -                Rank 1 : false
2025-06-17 20:38:17,858 [INFO] ADCParametersView:116 -                Rank 1 : false
2025-06-17 20:38:17,858 [INFO] ADCParametersView:116 -                Rank 1 : false
2025-06-17 20:38:17,858 [INFO] ADCParametersView:116 -                Rank 1 : false
2025-06-17 20:38:17,862 [INFO] ADCParametersView:116 -                Rank 1 : false
2025-06-17 20:38:17,881 [INFO] ADCParametersView:116 -                Rank 1 : false
2025-06-17 20:38:17,882 [INFO] ADCParametersView:116 -                Rank 1 : false
2025-06-17 20:38:17,882 [INFO] ADCParametersView:116 -                Rank 1 : false
2025-06-17 20:38:17,882 [INFO] ADCParametersView:116 -                Rank 1 : false
2025-06-17 20:38:17,882 [INFO] ADCParametersView:116 -                Rank 1 : false
2025-06-17 20:38:17,882 [INFO] ADCParametersView:116 -                Rank 1 : false
2025-06-17 20:38:17,882 [INFO] ADCParametersView:116 -                Rank 1 : false
2025-06-17 20:38:17,882 [INFO] ADCParametersView:116 -                Rank 1 : false
2025-06-17 20:38:17,882 [INFO] ADCParametersView:116 -                Rank 1 : false
2025-06-17 20:38:17,882 [INFO] ADCParametersView:116 -                Rank 1 : false
2025-06-17 20:38:17,888 [INFO] ADCParametersView:116 -                Rank 1 : false
2025-06-17 20:38:17,930 [INFO] ADCParametersView:116 -                Rank 1 : false
2025-06-17 20:38:17,931 [INFO] ADCParametersView:116 -                Rank 1 : false
2025-06-17 20:38:17,931 [INFO] ADCParametersView:116 -                Rank 1 : false
2025-06-17 20:38:17,931 [INFO] ADCParametersView:116 -                Rank 1 : false
2025-06-17 20:38:17,931 [INFO] ADCParametersView:116 -                Rank 1 : false
2025-06-17 20:38:17,931 [INFO] ADCParametersView:116 -                Rank 1 : false
2025-06-17 20:38:17,931 [INFO] ADCParametersView:116 -                Rank 1 : false
2025-06-17 20:38:17,931 [INFO] ADCParametersView:116 -                Rank 1 : false
2025-06-17 20:38:17,931 [INFO] ADCParametersView:116 -                Rank 1 : false
2025-06-17 20:38:17,931 [INFO] ADCParametersView:116 -                Rank 1 : false
2025-06-17 20:38:17,935 [INFO] ADCParametersView:116 -                Rank 1 : false
2025-06-17 20:38:17,959 [INFO] ADCParametersView:116 -                Rank 1 : false
2025-06-17 20:38:17,961 [INFO] ADCParametersView:116 -                Rank 1 : false
2025-06-17 20:38:17,961 [INFO] ADCParametersView:116 -                Rank 1 : false
2025-06-17 20:38:17,961 [INFO] ADCParametersView:116 -                Rank 1 : false
2025-06-17 20:38:17,961 [INFO] ADCParametersView:116 -                Rank 1 : false
2025-06-17 20:38:17,961 [INFO] ADCParametersView:116 -                Rank 1 : false
2025-06-17 20:38:17,962 [INFO] ADCParametersView:116 -                Rank 1 : false
2025-06-17 20:38:17,962 [INFO] ADCParametersView:116 -                Rank 1 : false
2025-06-17 20:38:17,962 [INFO] ADCParametersView:116 -                Rank 1 : false
2025-06-17 20:38:17,962 [INFO] ADCParametersView:116 -                Rank 1 : false
2025-06-17 20:38:17,968 [INFO] ADCParametersView:116 -                Rank 1 : false
2025-06-17 20:38:18,060 [INFO] ADCParametersView:116 -                Rank 1 : false
2025-06-17 20:38:18,061 [INFO] ADCParametersView:116 -                Rank 1 : false
2025-06-17 20:38:18,061 [INFO] ADCParametersView:116 -                Rank 1 : false
2025-06-17 20:38:18,061 [INFO] ADCParametersView:116 -                Rank 1 : false
2025-06-17 20:38:18,061 [INFO] ADCParametersView:116 -                Rank 1 : false
2025-06-17 20:38:18,061 [INFO] ADCParametersView:116 -                Rank 1 : false
2025-06-17 20:38:18,062 [INFO] ADCParametersView:116 -                Rank 1 : false
2025-06-17 20:38:18,062 [INFO] ADCParametersView:116 -                Rank 1 : false
2025-06-17 20:38:18,062 [INFO] ADCParametersView:116 -                Rank 1 : false
2025-06-17 20:38:18,062 [INFO] ADCParametersView:116 -                Rank 1 : false
2025-06-17 20:38:18,067 [INFO] ADCParametersView:116 -                Rank 1 : false
2025-06-17 20:38:18,091 [INFO] ADCParametersView:116 -                Rank 1 : false
2025-06-17 20:38:18,091 [INFO] ADCParametersView:116 -                Rank 1 : false
2025-06-17 20:38:18,091 [INFO] ADCParametersView:116 -                Rank 1 : false
2025-06-17 20:38:18,091 [INFO] ADCParametersView:116 -                Rank 1 : false
2025-06-17 20:38:18,091 [INFO] ADCParametersView:116 -                Rank 1 : false
2025-06-17 20:38:18,091 [INFO] ADCParametersView:116 -                Rank 1 : false
2025-06-17 20:38:18,091 [INFO] ADCParametersView:116 -                Rank 1 : false
2025-06-17 20:38:18,091 [INFO] ADCParametersView:116 -                Rank 1 : false
2025-06-17 20:38:18,091 [INFO] ADCParametersView:116 -                Rank 1 : false
2025-06-17 20:38:18,091 [INFO] ADCParametersView:116 -                Rank 1 : false
2025-06-17 20:38:18,096 [INFO] ADCParametersView:116 -                Rank 1 : false
2025-06-17 20:38:19,841 [INFO] ADCParametersView:116 -                Rank 1 : false
2025-06-17 20:38:19,842 [INFO] ADCParametersView:116 -                Rank 1 : false
2025-06-17 20:38:19,842 [INFO] ADCParametersView:116 -                Rank 1 : false
2025-06-17 20:38:19,842 [INFO] ADCParametersView:116 -                Rank 1 : false
2025-06-17 20:38:19,842 [INFO] ADCParametersView:116 -                Rank 1 : false
2025-06-17 20:38:19,842 [INFO] ADCParametersView:116 -                Rank 1 : false
2025-06-17 20:38:19,842 [INFO] ADCParametersView:116 -                Rank 1 : false
2025-06-17 20:38:19,842 [INFO] ADCParametersView:116 -                Rank 1 : false
2025-06-17 20:38:19,842 [INFO] ADCParametersView:116 -                Rank 1 : false
2025-06-17 20:38:19,842 [INFO] ADCParametersView:116 -                Rank 1 : false
2025-06-17 20:38:19,848 [INFO] ADCParametersView:116 -                Rank 1 : false
2025-06-17 20:38:19,875 [INFO] ADCParametersView:116 -                Rank 1 : false
2025-06-17 20:38:19,875 [INFO] ADCParametersView:116 -                Rank 1 : false
2025-06-17 20:38:19,875 [INFO] ADCParametersView:116 -                Rank 1 : false
2025-06-17 20:38:19,875 [INFO] ADCParametersView:116 -                Rank 1 : false
2025-06-17 20:38:19,875 [INFO] ADCParametersView:116 -                Rank 1 : false
2025-06-17 20:38:19,875 [INFO] ADCParametersView:116 -                Rank 1 : false
2025-06-17 20:38:19,875 [INFO] ADCParametersView:116 -                Rank 1 : false
2025-06-17 20:38:19,875 [INFO] ADCParametersView:116 -                Rank 1 : false
2025-06-17 20:38:19,876 [INFO] ADCParametersView:116 -                Rank 1 : false
2025-06-17 20:38:19,876 [INFO] ADCParametersView:116 -                Rank 1 : false
2025-06-17 20:38:19,881 [INFO] ADCParametersView:116 -                Rank 1 : false
2025-06-17 20:38:19,927 [INFO] ADCParametersView:116 -                Rank 1 : false
2025-06-17 20:38:19,927 [INFO] ADCParametersView:116 -                Rank 1 : false
2025-06-17 20:38:19,927 [INFO] ADCParametersView:116 -                Rank 1 : false
2025-06-17 20:38:19,928 [INFO] ADCParametersView:116 -                Rank 1 : false
2025-06-17 20:38:19,928 [INFO] ADCParametersView:116 -                Rank 1 : false
2025-06-17 20:38:19,928 [INFO] ADCParametersView:116 -                Rank 1 : false
2025-06-17 20:38:19,928 [INFO] ADCParametersView:116 -                Rank 1 : false
2025-06-17 20:38:19,928 [INFO] ADCParametersView:116 -                Rank 1 : false
2025-06-17 20:38:19,928 [INFO] ADCParametersView:116 -                Rank 1 : false
2025-06-17 20:38:19,928 [INFO] ADCParametersView:116 -                Rank 1 : false
2025-06-17 20:38:19,935 [INFO] ADCParametersView:116 -                Rank 1 : false
2025-06-17 20:38:19,973 [INFO] ADCParametersView:116 -                Rank 1 : false
2025-06-17 20:38:19,976 [INFO] ADCParametersView:116 -                Rank 1 : false
2025-06-17 20:38:19,977 [INFO] ADCParametersView:116 -                Rank 1 : false
2025-06-17 20:38:19,977 [INFO] ADCParametersView:116 -                Rank 1 : false
2025-06-17 20:38:19,977 [INFO] ADCParametersView:116 -                Rank 1 : false
2025-06-17 20:38:19,977 [INFO] ADCParametersView:116 -                Rank 1 : false
2025-06-17 20:38:19,977 [INFO] ADCParametersView:116 -                Rank 1 : false
2025-06-17 20:38:19,977 [INFO] ADCParametersView:116 -                Rank 1 : false
2025-06-17 20:38:19,977 [INFO] ADCParametersView:116 -                Rank 1 : false
2025-06-17 20:38:19,978 [INFO] ADCParametersView:116 -                Rank 1 : false
2025-06-17 20:38:19,988 [INFO] ADCParametersView:116 -                Rank 1 : false
2025-06-17 20:38:20,079 [INFO] ADCParametersView:116 -                Rank 1 : false
2025-06-17 20:38:20,079 [INFO] ADCParametersView:116 -                Rank 1 : false
2025-06-17 20:38:20,079 [INFO] ADCParametersView:116 -                Rank 1 : false
2025-06-17 20:38:20,079 [INFO] ADCParametersView:116 -                Rank 1 : false
2025-06-17 20:38:20,079 [INFO] ADCParametersView:116 -                Rank 1 : false
2025-06-17 20:38:20,079 [INFO] ADCParametersView:116 -                Rank 1 : false
2025-06-17 20:38:20,079 [INFO] ADCParametersView:116 -                Rank 1 : false
2025-06-17 20:38:20,080 [INFO] ADCParametersView:116 -                Rank 1 : false
2025-06-17 20:38:20,080 [INFO] ADCParametersView:116 -                Rank 1 : false
2025-06-17 20:38:20,080 [INFO] ADCParametersView:116 -                Rank 1 : false
2025-06-17 20:38:20,085 [INFO] ADCParametersView:116 -                Rank 1 : false
2025-06-17 20:38:20,106 [INFO] ADCParametersView:116 -                Rank 1 : false
2025-06-17 20:38:20,106 [INFO] ADCParametersView:116 -                Rank 1 : false
2025-06-17 20:38:20,106 [INFO] ADCParametersView:116 -                Rank 1 : false
2025-06-17 20:38:20,106 [INFO] ADCParametersView:116 -                Rank 1 : false
2025-06-17 20:38:20,106 [INFO] ADCParametersView:116 -                Rank 1 : false
2025-06-17 20:38:20,106 [INFO] ADCParametersView:116 -                Rank 1 : false
2025-06-17 20:38:20,106 [INFO] ADCParametersView:116 -                Rank 1 : false
2025-06-17 20:38:20,106 [INFO] ADCParametersView:116 -                Rank 1 : false
2025-06-17 20:38:20,106 [INFO] ADCParametersView:116 -                Rank 1 : false
2025-06-17 20:38:20,106 [INFO] ADCParametersView:116 -                Rank 1 : false
2025-06-17 20:38:20,112 [INFO] ADCParametersView:116 -                Rank 1 : false
2025-06-17 20:38:36,148 [INFO] ADCParametersView:116 -                Rank 1 : false
2025-06-17 20:38:36,148 [INFO] ADCParametersView:116 -                Rank 1 : false
2025-06-17 20:38:36,148 [INFO] ADCParametersView:116 -                Rank 1 : false
2025-06-17 20:38:36,148 [INFO] ADCParametersView:116 -                Rank 1 : false
2025-06-17 20:38:36,148 [INFO] ADCParametersView:116 -                Rank 1 : false
2025-06-17 20:38:36,148 [INFO] ADCParametersView:116 -                Rank 1 : false
2025-06-17 20:38:36,148 [INFO] ADCParametersView:116 -                Rank 1 : false
2025-06-17 20:38:36,148 [INFO] ADCParametersView:116 -                Rank 1 : false
2025-06-17 20:38:36,148 [INFO] ADCParametersView:116 -                Rank 1 : false
2025-06-17 20:38:36,149 [INFO] ADCParametersView:116 -                Rank 1 : false
2025-06-17 20:38:36,154 [INFO] ADCParametersView:116 -                Rank 1 : false
2025-06-17 20:38:36,173 [INFO] ADCParametersView:116 -                Rank 1 : false
2025-06-17 20:38:36,173 [INFO] ADCParametersView:116 -                Rank 1 : false
2025-06-17 20:38:36,173 [INFO] ADCParametersView:116 -                Rank 1 : false
2025-06-17 20:38:36,173 [INFO] ADCParametersView:116 -                Rank 1 : false
2025-06-17 20:38:36,173 [INFO] ADCParametersView:116 -                Rank 1 : false
2025-06-17 20:38:36,174 [INFO] ADCParametersView:116 -                Rank 1 : false
2025-06-17 20:38:36,174 [INFO] ADCParametersView:116 -                Rank 1 : false
2025-06-17 20:38:36,174 [INFO] ADCParametersView:116 -                Rank 1 : false
2025-06-17 20:38:36,174 [INFO] ADCParametersView:116 -                Rank 1 : false
2025-06-17 20:38:36,174 [INFO] ADCParametersView:116 -                Rank 1 : false
2025-06-17 20:38:36,177 [INFO] ADCParametersView:116 -                Rank 1 : false
2025-06-17 20:39:24,115 [INFO] ADCParametersView:116 -                Rank 1 : false
2025-06-17 20:39:24,115 [INFO] ADCParametersView:116 -                Rank 1 : false
2025-06-17 20:39:24,116 [INFO] ADCParametersView:116 -                Rank 1 : false
2025-06-17 20:39:24,116 [INFO] ADCParametersView:116 -                Rank 1 : false
2025-06-17 20:39:24,116 [INFO] ADCParametersView:116 -                Rank 1 : false
2025-06-17 20:39:24,116 [INFO] ADCParametersView:116 -                Rank 1 : false
2025-06-17 20:39:24,116 [INFO] ADCParametersView:116 -                Rank 1 : false
2025-06-17 20:39:24,116 [INFO] ADCParametersView:116 -                Rank 1 : false
2025-06-17 20:39:24,116 [INFO] ADCParametersView:116 -                Rank 1 : false
2025-06-17 20:39:24,116 [INFO] ADCParametersView:116 -                Rank 1 : false
2025-06-17 20:39:24,119 [INFO] ADCParametersView:116 -                Rank 1 : false
2025-06-17 20:39:45,247 [INFO] SpinnerEditorADC:65 - is string kkkk
2025-06-17 20:39:50,436 [INFO] NvicIntPanel:101 - NVIC parent = com.st.microxplorer.plugins.ip.nvic.MultiNvicIntPanel[,0,0,0x0,invalid,layout=javax.swing.BoxLayout,alignmentX=0.0,alignmentY=0.0,border=,flags=9,maximumSize=,minimumSize=,preferredSize=]
2025-06-17 20:39:50,509 [INFO] NvicIntPanel:101 - NVIC parent = com.st.microxplorer.plugins.ip.nvic.MultiNvicIntPanel[,0,0,0x0,invalid,layout=javax.swing.BoxLayout,alignmentX=0.0,alignmentY=0.0,border=,flags=9,maximumSize=,minimumSize=,preferredSize=]
2025-06-17 20:39:50,579 [INFO] NvicIntPanel:101 - NVIC parent = com.st.microxplorer.plugins.ip.nvic.MultiNvicIntPanel[,0,0,0x0,invalid,layout=javax.swing.BoxLayout,alignmentX=0.0,alignmentY=0.0,border=,flags=9,maximumSize=,minimumSize=,preferredSize=]
2025-06-17 20:39:50,663 [INFO] NvicIntPanel:101 - NVIC parent = com.st.microxplorer.plugins.ip.nvic.MultiNvicIntPanel[,0,0,0x0,invalid,layout=javax.swing.BoxLayout,alignmentX=0.0,alignmentY=0.0,border=,flags=9,maximumSize=,minimumSize=,preferredSize=]
2025-06-17 20:39:50,741 [INFO] NvicIntPanel:101 - NVIC parent = com.st.microxplorer.plugins.ip.nvic.MultiNvicIntPanel[,0,0,0x0,invalid,layout=javax.swing.BoxLayout,alignmentX=0.0,alignmentY=0.0,border=,flags=9,maximumSize=,minimumSize=,preferredSize=]
2025-06-17 20:39:50,810 [INFO] NvicIntPanel:101 - NVIC parent = com.st.microxplorer.plugins.ip.nvic.MultiNvicIntPanel[,0,0,0x0,invalid,layout=javax.swing.BoxLayout,alignmentX=0.0,alignmentY=0.0,border=,flags=9,maximumSize=,minimumSize=,preferredSize=]
2025-06-17 20:39:50,893 [INFO] NvicIntPanel:101 - NVIC parent = com.st.microxplorer.plugins.ip.nvic.MultiNvicIntPanel[,0,0,0x0,invalid,layout=javax.swing.BoxLayout,alignmentX=0.0,alignmentY=0.0,border=,flags=9,maximumSize=,minimumSize=,preferredSize=]
2025-06-17 20:39:50,972 [INFO] NvicIntPanel:101 - NVIC parent = com.st.microxplorer.plugins.ip.nvic.MultiNvicIntPanel[,0,0,0x0,invalid,layout=javax.swing.BoxLayout,alignmentX=0.0,alignmentY=0.0,border=,flags=9,maximumSize=,minimumSize=,preferredSize=]
2025-06-17 20:39:51,080 [INFO] NvicIntPanel:101 - NVIC parent = com.st.microxplorer.plugins.ip.nvic.MultiNvicIntPanel[,0,0,0x0,invalid,layout=javax.swing.BoxLayout,alignmentX=0.0,alignmentY=0.0,border=,flags=9,maximumSize=,minimumSize=,preferredSize=]
2025-06-17 20:39:51,198 [INFO] NvicIntPanel:101 - NVIC parent = com.st.microxplorer.plugins.ip.nvic.MultiNvicIntPanel[,0,0,0x0,invalid,layout=javax.swing.BoxLayout,alignmentX=0.0,alignmentY=0.0,border=,flags=9,maximumSize=,minimumSize=,preferredSize=]
2025-06-17 20:39:51,234 [INFO] ADCParametersView:116 -                Rank 1 : false
2025-06-17 20:39:51,237 [INFO] ADCParametersView:116 -                Rank 1 : false
2025-06-17 20:39:51,237 [INFO] ADCParametersView:116 -                Rank 1 : false
2025-06-17 20:39:51,238 [INFO] ADCParametersView:116 -                Rank 1 : false
2025-06-17 20:39:51,238 [INFO] ADCParametersView:116 -                Rank 1 : false
2025-06-17 20:39:51,238 [INFO] ADCParametersView:116 -                Rank 1 : false
2025-06-17 20:39:51,238 [INFO] ADCParametersView:116 -                Rank 1 : false
2025-06-17 20:39:51,239 [INFO] ADCParametersView:116 -                Rank 1 : false
2025-06-17 20:39:51,239 [INFO] ADCParametersView:116 -                Rank 1 : false
2025-06-17 20:39:51,239 [INFO] ADCParametersView:116 -                Rank 1 : false
2025-06-17 20:39:51,247 [INFO] ADCParametersView:116 -                Rank 1 : false
2025-06-17 20:39:51,247 [INFO] ADCParametersView:116 -                Rank 1 : false
2025-06-17 20:39:51,247 [INFO] ADCParametersView:116 -        *      Rank 2 : false
2025-06-17 20:39:51,248 [INFO] ADCParametersView:116 -                Rank 1 : false
2025-06-17 20:39:51,248 [INFO] ADCParametersView:116 -        *      Rank 2 : false
2025-06-17 20:39:51,248 [INFO] ADCParametersView:116 -        *      Rank 3 : false
2025-06-17 20:39:51,248 [INFO] ADCParametersView:116 -                Rank 1 : false
2025-06-17 20:39:51,248 [INFO] ADCParametersView:116 -        *      Rank 2 : false
2025-06-17 20:39:51,248 [INFO] ADCParametersView:116 -        *      Rank 3 : false
2025-06-17 20:39:51,248 [INFO] ADCParametersView:116 -        *      Rank 4 : false
2025-06-17 20:39:57,472 [INFO] ADCParametersView:116 -                Rank 1 : true
2025-06-17 20:39:57,472 [INFO] ADCParametersView:116 -        *      Rank 2 : false
2025-06-17 20:39:57,472 [INFO] ADCParametersView:116 -        *      Rank 3 : false
2025-06-17 20:39:57,472 [INFO] ADCParametersView:116 -        *      Rank 4 : false
2025-06-17 20:40:05,265 [INFO] NvicIntPanel:101 - NVIC parent = com.st.microxplorer.plugins.ip.nvic.MultiNvicIntPanel[,0,0,0x0,invalid,layout=javax.swing.BoxLayout,alignmentX=0.0,alignmentY=0.0,border=,flags=9,maximumSize=,minimumSize=,preferredSize=]
2025-06-17 20:40:05,302 [INFO] ADCParametersView:116 -                Rank 1 : true
2025-06-17 20:40:05,302 [INFO] ADCParametersView:116 -        *      Rank 2 : false
2025-06-17 20:40:05,302 [INFO] ADCParametersView:116 -        *      Rank 3 : false
2025-06-17 20:40:05,302 [INFO] ADCParametersView:116 -        *      Rank 4 : false
2025-06-17 20:40:05,305 [INFO] ADCParametersView:116 -                Rank 1 : true
2025-06-17 20:40:05,305 [INFO] ADCParametersView:116 -        *      Rank 2 : false
2025-06-17 20:40:05,305 [INFO] ADCParametersView:116 -        *      Rank 3 : false
2025-06-17 20:40:05,305 [INFO] ADCParametersView:116 -        *      Rank 4 : false
2025-06-17 20:40:05,305 [INFO] ADCParametersView:116 -                Rank 1 : true
2025-06-17 20:40:05,305 [INFO] ADCParametersView:116 -        *      Rank 2 : false
2025-06-17 20:40:05,305 [INFO] ADCParametersView:116 -        *      Rank 3 : false
2025-06-17 20:40:05,305 [INFO] ADCParametersView:116 -        *      Rank 4 : false
2025-06-17 20:40:05,305 [INFO] ADCParametersView:116 -                Rank 1 : true
2025-06-17 20:40:05,305 [INFO] ADCParametersView:116 -        *      Rank 2 : false
2025-06-17 20:40:05,306 [INFO] ADCParametersView:116 -        *      Rank 3 : false
2025-06-17 20:40:05,306 [INFO] ADCParametersView:116 -        *      Rank 4 : false
2025-06-17 20:40:05,306 [INFO] ADCParametersView:116 -                Rank 1 : true
2025-06-17 20:40:05,306 [INFO] ADCParametersView:116 -        *      Rank 2 : false
2025-06-17 20:40:05,306 [INFO] ADCParametersView:116 -        *      Rank 3 : false
2025-06-17 20:40:05,306 [INFO] ADCParametersView:116 -        *      Rank 4 : false
2025-06-17 20:40:05,306 [INFO] ADCParametersView:116 -                Rank 1 : true
2025-06-17 20:40:05,306 [INFO] ADCParametersView:116 -        *      Rank 2 : false
2025-06-17 20:40:05,306 [INFO] ADCParametersView:116 -        *      Rank 3 : false
2025-06-17 20:40:05,306 [INFO] ADCParametersView:116 -        *      Rank 4 : false
2025-06-17 20:40:05,306 [INFO] ADCParametersView:116 -                Rank 1 : true
2025-06-17 20:40:05,306 [INFO] ADCParametersView:116 -        *      Rank 2 : false
2025-06-17 20:40:05,306 [INFO] ADCParametersView:116 -        *      Rank 3 : false
2025-06-17 20:40:05,306 [INFO] ADCParametersView:116 -        *      Rank 4 : false
2025-06-17 20:40:05,306 [INFO] ADCParametersView:116 -                Rank 1 : true
2025-06-17 20:40:05,306 [INFO] ADCParametersView:116 -        *      Rank 2 : false
2025-06-17 20:40:05,307 [INFO] ADCParametersView:116 -        *      Rank 3 : false
2025-06-17 20:40:05,307 [INFO] ADCParametersView:116 -        *      Rank 4 : false
2025-06-17 20:40:05,307 [INFO] ADCParametersView:116 -                Rank 1 : true
2025-06-17 20:40:05,307 [INFO] ADCParametersView:116 -        *      Rank 2 : false
2025-06-17 20:40:05,307 [INFO] ADCParametersView:116 -        *      Rank 3 : false
2025-06-17 20:40:05,307 [INFO] ADCParametersView:116 -        *      Rank 4 : false
2025-06-17 20:40:05,307 [INFO] ADCParametersView:116 -                Rank 1 : true
2025-06-17 20:40:05,307 [INFO] ADCParametersView:116 -        *      Rank 2 : false
2025-06-17 20:40:05,307 [INFO] ADCParametersView:116 -        *      Rank 3 : false
2025-06-17 20:40:05,307 [INFO] ADCParametersView:116 -        *      Rank 4 : false
2025-06-17 20:40:05,307 [INFO] ADCParametersView:116 -        *      Rank 2 : false
2025-06-17 20:40:05,307 [INFO] ADCParametersView:116 -        *      Rank 3 : false
2025-06-17 20:40:05,307 [INFO] ADCParametersView:116 -        *      Rank 4 : false
2025-06-17 20:40:05,307 [INFO] ADCParametersView:116 -        *      Rank 3 : false
2025-06-17 20:40:05,307 [INFO] ADCParametersView:116 -        *      Rank 4 : false
2025-06-17 20:40:05,307 [INFO] ADCParametersView:116 -        *      Rank 4 : false
2025-06-17 20:40:05,315 [INFO] ADCParametersView:116 -                Rank 1 : true
2025-06-17 20:40:05,317 [INFO] ADCParametersView:116 -                Rank 1 : true
2025-06-17 20:40:05,318 [INFO] ADCParametersView:116 -                Rank 2 : false
2025-06-17 20:40:05,318 [INFO] ADCParametersView:116 -                Rank 1 : true
2025-06-17 20:40:05,318 [INFO] ADCParametersView:116 -                Rank 2 : false
2025-06-17 20:40:05,318 [INFO] ADCParametersView:116 -                Rank 3 : false
2025-06-17 20:40:05,318 [INFO] ADCParametersView:116 -                Rank 1 : true
2025-06-17 20:40:05,318 [INFO] ADCParametersView:116 -                Rank 2 : false
2025-06-17 20:40:05,318 [INFO] ADCParametersView:116 -                Rank 3 : false
2025-06-17 20:40:05,318 [INFO] ADCParametersView:116 -                Rank 4 : false
2025-06-17 20:40:06,904 [INFO] ADCParametersView:116 -                Rank 1 : true
2025-06-17 20:40:06,904 [INFO] ADCParametersView:116 -                Rank 2 : true
2025-06-17 20:40:06,904 [INFO] ADCParametersView:116 -                Rank 3 : false
2025-06-17 20:40:06,904 [INFO] ADCParametersView:116 -                Rank 4 : false
2025-06-17 20:40:11,311 [INFO] NvicIntPanel:101 - NVIC parent = com.st.microxplorer.plugins.ip.nvic.MultiNvicIntPanel[,0,0,0x0,invalid,layout=javax.swing.BoxLayout,alignmentX=0.0,alignmentY=0.0,border=,flags=9,maximumSize=,minimumSize=,preferredSize=]
2025-06-17 20:40:11,348 [INFO] ADCParametersView:116 -                Rank 1 : true
2025-06-17 20:40:11,349 [INFO] ADCParametersView:116 -                Rank 2 : true
2025-06-17 20:40:11,349 [INFO] ADCParametersView:116 -                Rank 3 : false
2025-06-17 20:40:11,349 [INFO] ADCParametersView:116 -                Rank 4 : false
2025-06-17 20:40:11,352 [INFO] ADCParametersView:116 -                Rank 1 : true
2025-06-17 20:40:11,352 [INFO] ADCParametersView:116 -                Rank 2 : true
2025-06-17 20:40:11,352 [INFO] ADCParametersView:116 -                Rank 3 : false
2025-06-17 20:40:11,352 [INFO] ADCParametersView:116 -                Rank 4 : false
2025-06-17 20:40:11,352 [INFO] ADCParametersView:116 -                Rank 1 : true
2025-06-17 20:40:11,352 [INFO] ADCParametersView:116 -                Rank 2 : true
2025-06-17 20:40:11,352 [INFO] ADCParametersView:116 -                Rank 3 : false
2025-06-17 20:40:11,352 [INFO] ADCParametersView:116 -                Rank 4 : false
2025-06-17 20:40:11,352 [INFO] ADCParametersView:116 -                Rank 1 : true
2025-06-17 20:40:11,352 [INFO] ADCParametersView:116 -                Rank 2 : true
2025-06-17 20:40:11,352 [INFO] ADCParametersView:116 -                Rank 3 : false
2025-06-17 20:40:11,352 [INFO] ADCParametersView:116 -                Rank 4 : false
2025-06-17 20:40:11,352 [INFO] ADCParametersView:116 -                Rank 1 : true
2025-06-17 20:40:11,352 [INFO] ADCParametersView:116 -                Rank 2 : true
2025-06-17 20:40:11,352 [INFO] ADCParametersView:116 -                Rank 3 : false
2025-06-17 20:40:11,353 [INFO] ADCParametersView:116 -                Rank 4 : false
2025-06-17 20:40:11,353 [INFO] ADCParametersView:116 -                Rank 1 : true
2025-06-17 20:40:11,353 [INFO] ADCParametersView:116 -                Rank 2 : true
2025-06-17 20:40:11,353 [INFO] ADCParametersView:116 -                Rank 3 : false
2025-06-17 20:40:11,353 [INFO] ADCParametersView:116 -                Rank 4 : false
2025-06-17 20:40:11,353 [INFO] ADCParametersView:116 -                Rank 1 : true
2025-06-17 20:40:11,353 [INFO] ADCParametersView:116 -                Rank 2 : true
2025-06-17 20:40:11,353 [INFO] ADCParametersView:116 -                Rank 3 : false
2025-06-17 20:40:11,353 [INFO] ADCParametersView:116 -                Rank 4 : false
2025-06-17 20:40:11,353 [INFO] ADCParametersView:116 -                Rank 1 : true
2025-06-17 20:40:11,353 [INFO] ADCParametersView:116 -                Rank 2 : true
2025-06-17 20:40:11,353 [INFO] ADCParametersView:116 -                Rank 3 : false
2025-06-17 20:40:11,353 [INFO] ADCParametersView:116 -                Rank 4 : false
2025-06-17 20:40:11,353 [INFO] ADCParametersView:116 -                Rank 1 : true
2025-06-17 20:40:11,353 [INFO] ADCParametersView:116 -                Rank 2 : true
2025-06-17 20:40:11,353 [INFO] ADCParametersView:116 -                Rank 3 : false
2025-06-17 20:40:11,353 [INFO] ADCParametersView:116 -                Rank 4 : false
2025-06-17 20:40:11,353 [INFO] ADCParametersView:116 -                Rank 1 : true
2025-06-17 20:40:11,353 [INFO] ADCParametersView:116 -                Rank 2 : true
2025-06-17 20:40:11,353 [INFO] ADCParametersView:116 -                Rank 3 : false
2025-06-17 20:40:11,353 [INFO] ADCParametersView:116 -                Rank 4 : false
2025-06-17 20:40:11,353 [INFO] ADCParametersView:116 -                Rank 2 : true
2025-06-17 20:40:11,353 [INFO] ADCParametersView:116 -                Rank 3 : false
2025-06-17 20:40:11,353 [INFO] ADCParametersView:116 -                Rank 4 : false
2025-06-17 20:40:11,353 [INFO] ADCParametersView:116 -                Rank 3 : false
2025-06-17 20:40:11,353 [INFO] ADCParametersView:116 -                Rank 4 : false
2025-06-17 20:40:11,353 [INFO] ADCParametersView:116 -                Rank 4 : false
2025-06-17 20:40:11,358 [INFO] ADCParametersView:116 -                Rank 1 : true
2025-06-17 20:40:11,359 [INFO] ADCParametersView:116 -                Rank 1 : true
2025-06-17 20:40:11,359 [INFO] ADCParametersView:116 -                Rank 2 : true
2025-06-17 20:40:11,359 [INFO] ADCParametersView:116 -                Rank 1 : true
2025-06-17 20:40:11,359 [INFO] ADCParametersView:116 -                Rank 2 : true
2025-06-17 20:40:11,359 [INFO] ADCParametersView:116 -                Rank 3 : false
2025-06-17 20:40:11,359 [INFO] ADCParametersView:116 -                Rank 1 : true
2025-06-17 20:40:11,359 [INFO] ADCParametersView:116 -                Rank 2 : true
2025-06-17 20:40:11,359 [INFO] ADCParametersView:116 -                Rank 3 : false
2025-06-17 20:40:11,359 [INFO] ADCParametersView:116 -                Rank 4 : false
2025-06-17 20:40:13,076 [INFO] ADCParametersView:116 -                Rank 1 : true
2025-06-17 20:40:13,076 [INFO] ADCParametersView:116 -                Rank 2 : true
2025-06-17 20:40:13,076 [INFO] ADCParametersView:116 -                Rank 3 : true
2025-06-17 20:40:13,076 [INFO] ADCParametersView:116 -                Rank 4 : false
2025-06-17 20:40:28,805 [INFO] SpinnerEditorADC:65 - is string kkkk
2025-06-17 20:40:31,833 [INFO] NvicIntPanel:101 - NVIC parent = com.st.microxplorer.plugins.ip.nvic.MultiNvicIntPanel[,0,0,0x0,invalid,layout=javax.swing.BoxLayout,alignmentX=0.0,alignmentY=0.0,border=,flags=9,maximumSize=,minimumSize=,preferredSize=]
2025-06-17 20:40:31,903 [INFO] NvicIntPanel:101 - NVIC parent = com.st.microxplorer.plugins.ip.nvic.MultiNvicIntPanel[,0,0,0x0,invalid,layout=javax.swing.BoxLayout,alignmentX=0.0,alignmentY=0.0,border=,flags=9,maximumSize=,minimumSize=,preferredSize=]
2025-06-17 20:40:31,971 [INFO] NvicIntPanel:101 - NVIC parent = com.st.microxplorer.plugins.ip.nvic.MultiNvicIntPanel[,0,0,0x0,invalid,layout=javax.swing.BoxLayout,alignmentX=0.0,alignmentY=0.0,border=,flags=9,maximumSize=,minimumSize=,preferredSize=]
2025-06-17 20:40:32,036 [INFO] NvicIntPanel:101 - NVIC parent = com.st.microxplorer.plugins.ip.nvic.MultiNvicIntPanel[,0,0,0x0,invalid,layout=javax.swing.BoxLayout,alignmentX=0.0,alignmentY=0.0,border=,flags=9,maximumSize=,minimumSize=,preferredSize=]
2025-06-17 20:40:32,071 [INFO] ADCParametersView:116 -                Rank 1 : true
2025-06-17 20:40:32,071 [INFO] ADCParametersView:116 -                Rank 2 : true
2025-06-17 20:40:32,071 [INFO] ADCParametersView:116 -                Rank 3 : true
2025-06-17 20:40:32,071 [INFO] ADCParametersView:116 -                Rank 4 : false
2025-06-17 20:40:32,075 [INFO] ADCParametersView:116 -                Rank 1 : true
2025-06-17 20:40:32,075 [INFO] ADCParametersView:116 -                Rank 2 : true
2025-06-17 20:40:32,075 [INFO] ADCParametersView:116 -                Rank 3 : true
2025-06-17 20:40:32,075 [INFO] ADCParametersView:116 -                Rank 4 : false
2025-06-17 20:40:32,075 [INFO] ADCParametersView:116 -                Rank 1 : true
2025-06-17 20:40:32,076 [INFO] ADCParametersView:116 -                Rank 2 : true
2025-06-17 20:40:32,076 [INFO] ADCParametersView:116 -                Rank 3 : true
2025-06-17 20:40:32,076 [INFO] ADCParametersView:116 -                Rank 4 : false
2025-06-17 20:40:32,076 [INFO] ADCParametersView:116 -                Rank 1 : true
2025-06-17 20:40:32,076 [INFO] ADCParametersView:116 -                Rank 2 : true
2025-06-17 20:40:32,076 [INFO] ADCParametersView:116 -                Rank 3 : true
2025-06-17 20:40:32,076 [INFO] ADCParametersView:116 -                Rank 4 : false
2025-06-17 20:40:32,076 [INFO] ADCParametersView:116 -                Rank 1 : true
2025-06-17 20:40:32,076 [INFO] ADCParametersView:116 -                Rank 2 : true
2025-06-17 20:40:32,076 [INFO] ADCParametersView:116 -                Rank 3 : true
2025-06-17 20:40:32,076 [INFO] ADCParametersView:116 -                Rank 4 : false
2025-06-17 20:40:32,076 [INFO] ADCParametersView:116 -                Rank 1 : true
2025-06-17 20:40:32,076 [INFO] ADCParametersView:116 -                Rank 2 : true
2025-06-17 20:40:32,076 [INFO] ADCParametersView:116 -                Rank 3 : true
2025-06-17 20:40:32,076 [INFO] ADCParametersView:116 -                Rank 4 : false
2025-06-17 20:40:32,076 [INFO] ADCParametersView:116 -                Rank 1 : true
2025-06-17 20:40:32,076 [INFO] ADCParametersView:116 -                Rank 2 : true
2025-06-17 20:40:32,076 [INFO] ADCParametersView:116 -                Rank 3 : true
2025-06-17 20:40:32,076 [INFO] ADCParametersView:116 -                Rank 4 : false
2025-06-17 20:40:32,078 [INFO] ADCParametersView:116 -                Rank 1 : true
2025-06-17 20:40:32,078 [INFO] ADCParametersView:116 -                Rank 2 : true
2025-06-17 20:40:32,078 [INFO] ADCParametersView:116 -                Rank 3 : true
2025-06-17 20:40:32,078 [INFO] ADCParametersView:116 -                Rank 4 : false
2025-06-17 20:40:32,078 [INFO] ADCParametersView:116 -                Rank 1 : true
2025-06-17 20:40:32,078 [INFO] ADCParametersView:116 -                Rank 2 : true
2025-06-17 20:40:32,078 [INFO] ADCParametersView:116 -                Rank 3 : true
2025-06-17 20:40:32,078 [INFO] ADCParametersView:116 -                Rank 4 : false
2025-06-17 20:40:32,078 [INFO] ADCParametersView:116 -                Rank 1 : true
2025-06-17 20:40:32,078 [INFO] ADCParametersView:116 -                Rank 2 : true
2025-06-17 20:40:32,078 [INFO] ADCParametersView:116 -                Rank 3 : true
2025-06-17 20:40:32,079 [INFO] ADCParametersView:116 -                Rank 4 : false
2025-06-17 20:40:32,079 [INFO] ADCParametersView:116 -                Rank 2 : true
2025-06-17 20:40:32,079 [INFO] ADCParametersView:116 -                Rank 3 : true
2025-06-17 20:40:32,079 [INFO] ADCParametersView:116 -                Rank 4 : false
2025-06-17 20:40:32,079 [INFO] ADCParametersView:116 -                Rank 3 : true
2025-06-17 20:40:32,079 [INFO] ADCParametersView:116 -                Rank 4 : false
2025-06-17 20:40:32,079 [INFO] ADCParametersView:116 -                Rank 4 : false
2025-06-17 20:40:32,090 [INFO] ADCParametersView:116 -                Rank 1 : true
2025-06-17 20:40:32,091 [INFO] ADCParametersView:116 -                Rank 1 : true
2025-06-17 20:40:32,091 [INFO] ADCParametersView:116 -                Rank 2 : true
2025-06-17 20:40:32,094 [INFO] ADCParametersView:116 -                Rank 1 : true
2025-06-17 20:40:32,094 [INFO] ADCParametersView:116 -                Rank 2 : true
2025-06-17 20:40:32,094 [INFO] ADCParametersView:116 -                Rank 3 : true
2025-06-17 20:40:32,096 [INFO] ADCParametersView:116 -                Rank 1 : true
2025-06-17 20:40:32,096 [INFO] ADCParametersView:116 -                Rank 2 : true
2025-06-17 20:40:32,096 [INFO] ADCParametersView:116 -                Rank 3 : true
2025-06-17 20:40:32,096 [INFO] ADCParametersView:116 -                Rank 4 : false
2025-06-17 20:40:32,096 [INFO] ADCParametersView:116 -                Rank 1 : true
2025-06-17 20:40:32,096 [INFO] ADCParametersView:116 -                Rank 2 : true
2025-06-17 20:40:32,096 [INFO] ADCParametersView:116 -                Rank 3 : true
2025-06-17 20:40:32,096 [INFO] ADCParametersView:116 -                Rank 4 : false
2025-06-17 20:40:32,096 [INFO] ADCParametersView:116 -        *      Rank 5 : false
2025-06-17 20:40:35,707 [INFO] NvicIntPanel:101 - NVIC parent = com.st.microxplorer.plugins.ip.nvic.MultiNvicIntPanel[,0,0,0x0,invalid,layout=javax.swing.BoxLayout,alignmentX=0.0,alignmentY=0.0,border=,flags=9,maximumSize=,minimumSize=,preferredSize=]
2025-06-17 20:40:35,736 [INFO] ADCParametersView:116 -                Rank 1 : true
2025-06-17 20:40:35,736 [INFO] ADCParametersView:116 -                Rank 2 : true
2025-06-17 20:40:35,736 [INFO] ADCParametersView:116 -                Rank 3 : true
2025-06-17 20:40:35,736 [INFO] ADCParametersView:116 -                Rank 4 : false
2025-06-17 20:40:35,736 [INFO] ADCParametersView:116 -        *      Rank 5 : false
2025-06-17 20:40:35,739 [INFO] ADCParametersView:116 -                Rank 1 : true
2025-06-17 20:40:35,739 [INFO] ADCParametersView:116 -                Rank 2 : true
2025-06-17 20:40:35,739 [INFO] ADCParametersView:116 -                Rank 3 : true
2025-06-17 20:40:35,739 [INFO] ADCParametersView:116 -                Rank 4 : false
2025-06-17 20:40:35,739 [INFO] ADCParametersView:116 -        *      Rank 5 : false
2025-06-17 20:40:35,740 [INFO] ADCParametersView:116 -                Rank 1 : true
2025-06-17 20:40:35,740 [INFO] ADCParametersView:116 -                Rank 2 : true
2025-06-17 20:40:35,740 [INFO] ADCParametersView:116 -                Rank 3 : true
2025-06-17 20:40:35,740 [INFO] ADCParametersView:116 -                Rank 4 : false
2025-06-17 20:40:35,740 [INFO] ADCParametersView:116 -        *      Rank 5 : false
2025-06-17 20:40:35,740 [INFO] ADCParametersView:116 -                Rank 1 : true
2025-06-17 20:40:35,740 [INFO] ADCParametersView:116 -                Rank 2 : true
2025-06-17 20:40:35,740 [INFO] ADCParametersView:116 -                Rank 3 : true
2025-06-17 20:40:35,740 [INFO] ADCParametersView:116 -                Rank 4 : false
2025-06-17 20:40:35,740 [INFO] ADCParametersView:116 -        *      Rank 5 : false
2025-06-17 20:40:35,741 [INFO] ADCParametersView:116 -                Rank 1 : true
2025-06-17 20:40:35,741 [INFO] ADCParametersView:116 -                Rank 2 : true
2025-06-17 20:40:35,741 [INFO] ADCParametersView:116 -                Rank 3 : true
2025-06-17 20:40:35,741 [INFO] ADCParametersView:116 -                Rank 4 : false
2025-06-17 20:40:35,741 [INFO] ADCParametersView:116 -        *      Rank 5 : false
2025-06-17 20:40:35,741 [INFO] ADCParametersView:116 -                Rank 1 : true
2025-06-17 20:40:35,741 [INFO] ADCParametersView:116 -                Rank 2 : true
2025-06-17 20:40:35,741 [INFO] ADCParametersView:116 -                Rank 3 : true
2025-06-17 20:40:35,741 [INFO] ADCParametersView:116 -                Rank 4 : false
2025-06-17 20:40:35,741 [INFO] ADCParametersView:116 -        *      Rank 5 : false
2025-06-17 20:40:35,741 [INFO] ADCParametersView:116 -                Rank 1 : true
2025-06-17 20:40:35,741 [INFO] ADCParametersView:116 -                Rank 2 : true
2025-06-17 20:40:35,741 [INFO] ADCParametersView:116 -                Rank 3 : true
2025-06-17 20:40:35,741 [INFO] ADCParametersView:116 -                Rank 4 : false
2025-06-17 20:40:35,741 [INFO] ADCParametersView:116 -        *      Rank 5 : false
2025-06-17 20:40:35,741 [INFO] ADCParametersView:116 -                Rank 1 : true
2025-06-17 20:40:35,741 [INFO] ADCParametersView:116 -                Rank 2 : true
2025-06-17 20:40:35,741 [INFO] ADCParametersView:116 -                Rank 3 : true
2025-06-17 20:40:35,741 [INFO] ADCParametersView:116 -                Rank 4 : false
2025-06-17 20:40:35,741 [INFO] ADCParametersView:116 -        *      Rank 5 : false
2025-06-17 20:40:35,742 [INFO] ADCParametersView:116 -                Rank 1 : true
2025-06-17 20:40:35,742 [INFO] ADCParametersView:116 -                Rank 2 : true
2025-06-17 20:40:35,742 [INFO] ADCParametersView:116 -                Rank 3 : true
2025-06-17 20:40:35,742 [INFO] ADCParametersView:116 -                Rank 4 : false
2025-06-17 20:40:35,742 [INFO] ADCParametersView:116 -        *      Rank 5 : false
2025-06-17 20:40:35,742 [INFO] ADCParametersView:116 -                Rank 1 : true
2025-06-17 20:40:35,742 [INFO] ADCParametersView:116 -                Rank 2 : true
2025-06-17 20:40:35,742 [INFO] ADCParametersView:116 -                Rank 3 : true
2025-06-17 20:40:35,742 [INFO] ADCParametersView:116 -                Rank 4 : false
2025-06-17 20:40:35,742 [INFO] ADCParametersView:116 -        *      Rank 5 : false
2025-06-17 20:40:35,742 [INFO] ADCParametersView:116 -                Rank 2 : true
2025-06-17 20:40:35,742 [INFO] ADCParametersView:116 -                Rank 3 : true
2025-06-17 20:40:35,742 [INFO] ADCParametersView:116 -                Rank 4 : false
2025-06-17 20:40:35,742 [INFO] ADCParametersView:116 -        *      Rank 5 : false
2025-06-17 20:40:35,742 [INFO] ADCParametersView:116 -                Rank 3 : true
2025-06-17 20:40:35,742 [INFO] ADCParametersView:116 -                Rank 4 : false
2025-06-17 20:40:35,742 [INFO] ADCParametersView:116 -        *      Rank 5 : false
2025-06-17 20:40:35,742 [INFO] ADCParametersView:116 -                Rank 4 : false
2025-06-17 20:40:35,742 [INFO] ADCParametersView:116 -        *      Rank 5 : false
2025-06-17 20:40:35,742 [INFO] ADCParametersView:116 -        *      Rank 5 : false
2025-06-17 20:40:35,748 [INFO] ADCParametersView:116 -                Rank 1 : true
2025-06-17 20:40:35,749 [INFO] ADCParametersView:116 -                Rank 1 : true
2025-06-17 20:40:35,749 [INFO] ADCParametersView:116 -                Rank 2 : true
2025-06-17 20:40:35,749 [INFO] ADCParametersView:116 -                Rank 1 : true
2025-06-17 20:40:35,749 [INFO] ADCParametersView:116 -                Rank 2 : true
2025-06-17 20:40:35,749 [INFO] ADCParametersView:116 -                Rank 3 : true
2025-06-17 20:40:35,749 [INFO] ADCParametersView:116 -                Rank 1 : true
2025-06-17 20:40:35,749 [INFO] ADCParametersView:116 -                Rank 2 : true
2025-06-17 20:40:35,749 [INFO] ADCParametersView:116 -                Rank 3 : true
2025-06-17 20:40:35,749 [INFO] ADCParametersView:116 -                Rank 4 : false
2025-06-17 20:40:35,749 [INFO] ADCParametersView:116 -                Rank 1 : true
2025-06-17 20:40:35,749 [INFO] ADCParametersView:116 -                Rank 2 : true
2025-06-17 20:40:35,749 [INFO] ADCParametersView:116 -                Rank 3 : true
2025-06-17 20:40:35,749 [INFO] ADCParametersView:116 -                Rank 4 : false
2025-06-17 20:40:35,749 [INFO] ADCParametersView:116 -                Rank 5 : false
2025-06-17 20:40:52,164 [INFO] NvicIntPanel:101 - NVIC parent = com.st.microxplorer.plugins.ip.nvic.MultiNvicIntPanel[,0,0,0x0,invalid,layout=javax.swing.BoxLayout,alignmentX=0.0,alignmentY=0.0,border=,flags=9,maximumSize=,minimumSize=,preferredSize=]
2025-06-17 20:40:52,197 [INFO] ADCParametersView:116 -                Rank 1 : true
2025-06-17 20:40:52,197 [INFO] ADCParametersView:116 -                Rank 2 : true
2025-06-17 20:40:52,197 [INFO] ADCParametersView:116 -                Rank 3 : true
2025-06-17 20:40:52,197 [INFO] ADCParametersView:116 -                Rank 4 : false
2025-06-17 20:40:52,197 [INFO] ADCParametersView:116 -                Rank 5 : false
2025-06-17 20:40:52,199 [INFO] ADCParametersView:116 -                Rank 1 : true
2025-06-17 20:40:52,201 [INFO] ADCParametersView:116 -                Rank 2 : true
2025-06-17 20:40:52,201 [INFO] ADCParametersView:116 -                Rank 3 : true
2025-06-17 20:40:52,201 [INFO] ADCParametersView:116 -                Rank 4 : false
2025-06-17 20:40:52,201 [INFO] ADCParametersView:116 -                Rank 5 : false
2025-06-17 20:40:52,201 [INFO] ADCParametersView:116 -                Rank 1 : true
2025-06-17 20:40:52,201 [INFO] ADCParametersView:116 -                Rank 2 : true
2025-06-17 20:40:52,201 [INFO] ADCParametersView:116 -                Rank 3 : true
2025-06-17 20:40:52,201 [INFO] ADCParametersView:116 -                Rank 4 : false
2025-06-17 20:40:52,201 [INFO] ADCParametersView:116 -                Rank 5 : false
2025-06-17 20:40:52,201 [INFO] ADCParametersView:116 -                Rank 1 : true
2025-06-17 20:40:52,201 [INFO] ADCParametersView:116 -                Rank 2 : true
2025-06-17 20:40:52,201 [INFO] ADCParametersView:116 -                Rank 3 : true
2025-06-17 20:40:52,201 [INFO] ADCParametersView:116 -                Rank 4 : false
2025-06-17 20:40:52,201 [INFO] ADCParametersView:116 -                Rank 5 : false
2025-06-17 20:40:52,201 [INFO] ADCParametersView:116 -                Rank 1 : true
2025-06-17 20:40:52,201 [INFO] ADCParametersView:116 -                Rank 2 : true
2025-06-17 20:40:52,202 [INFO] ADCParametersView:116 -                Rank 3 : true
2025-06-17 20:40:52,202 [INFO] ADCParametersView:116 -                Rank 4 : false
2025-06-17 20:40:52,202 [INFO] ADCParametersView:116 -                Rank 5 : false
2025-06-17 20:40:52,202 [INFO] ADCParametersView:116 -                Rank 1 : true
2025-06-17 20:40:52,202 [INFO] ADCParametersView:116 -                Rank 2 : true
2025-06-17 20:40:52,202 [INFO] ADCParametersView:116 -                Rank 3 : true
2025-06-17 20:40:52,202 [INFO] ADCParametersView:116 -                Rank 4 : false
2025-06-17 20:40:52,202 [INFO] ADCParametersView:116 -                Rank 5 : false
2025-06-17 20:40:52,202 [INFO] ADCParametersView:116 -                Rank 1 : true
2025-06-17 20:40:52,202 [INFO] ADCParametersView:116 -                Rank 2 : true
2025-06-17 20:40:52,202 [INFO] ADCParametersView:116 -                Rank 3 : true
2025-06-17 20:40:52,202 [INFO] ADCParametersView:116 -                Rank 4 : false
2025-06-17 20:40:52,202 [INFO] ADCParametersView:116 -                Rank 5 : false
2025-06-17 20:40:52,202 [INFO] ADCParametersView:116 -                Rank 1 : true
2025-06-17 20:40:52,202 [INFO] ADCParametersView:116 -                Rank 2 : true
2025-06-17 20:40:52,202 [INFO] ADCParametersView:116 -                Rank 3 : true
2025-06-17 20:40:52,202 [INFO] ADCParametersView:116 -                Rank 4 : false
2025-06-17 20:40:52,202 [INFO] ADCParametersView:116 -                Rank 5 : false
2025-06-17 20:40:52,202 [INFO] ADCParametersView:116 -                Rank 1 : true
2025-06-17 20:40:52,202 [INFO] ADCParametersView:116 -                Rank 2 : true
2025-06-17 20:40:52,202 [INFO] ADCParametersView:116 -                Rank 3 : true
2025-06-17 20:40:52,202 [INFO] ADCParametersView:116 -                Rank 4 : false
2025-06-17 20:40:52,202 [INFO] ADCParametersView:116 -                Rank 5 : false
2025-06-17 20:40:52,202 [INFO] ADCParametersView:116 -                Rank 1 : true
2025-06-17 20:40:52,202 [INFO] ADCParametersView:116 -                Rank 2 : true
2025-06-17 20:40:52,202 [INFO] ADCParametersView:116 -                Rank 3 : true
2025-06-17 20:40:52,202 [INFO] ADCParametersView:116 -                Rank 4 : false
2025-06-17 20:40:52,203 [INFO] ADCParametersView:116 -                Rank 5 : false
2025-06-17 20:40:52,203 [INFO] ADCParametersView:116 -                Rank 2 : true
2025-06-17 20:40:52,203 [INFO] ADCParametersView:116 -                Rank 3 : true
2025-06-17 20:40:52,203 [INFO] ADCParametersView:116 -                Rank 4 : false
2025-06-17 20:40:52,203 [INFO] ADCParametersView:116 -                Rank 5 : false
2025-06-17 20:40:52,203 [INFO] ADCParametersView:116 -                Rank 3 : true
2025-06-17 20:40:52,203 [INFO] ADCParametersView:116 -                Rank 4 : false
2025-06-17 20:40:52,203 [INFO] ADCParametersView:116 -                Rank 5 : false
2025-06-17 20:40:52,203 [INFO] ADCParametersView:116 -                Rank 4 : false
2025-06-17 20:40:52,203 [INFO] ADCParametersView:116 -                Rank 5 : false
2025-06-17 20:40:52,203 [INFO] ADCParametersView:116 -                Rank 5 : false
2025-06-17 20:40:52,208 [INFO] ADCParametersView:116 -                Rank 1 : true
2025-06-17 20:40:52,208 [INFO] ADCParametersView:116 -                Rank 1 : true
2025-06-17 20:40:52,208 [INFO] ADCParametersView:116 -                Rank 2 : true
2025-06-17 20:40:52,208 [INFO] ADCParametersView:116 -                Rank 1 : true
2025-06-17 20:40:52,208 [INFO] ADCParametersView:116 -                Rank 2 : true
2025-06-17 20:40:52,208 [INFO] ADCParametersView:116 -                Rank 3 : true
2025-06-17 20:40:52,208 [INFO] ADCParametersView:116 -                Rank 1 : true
2025-06-17 20:40:52,209 [INFO] ADCParametersView:116 -                Rank 2 : true
2025-06-17 20:40:52,209 [INFO] ADCParametersView:116 -                Rank 3 : true
2025-06-17 20:40:52,209 [INFO] ADCParametersView:116 -                Rank 4 : false
2025-06-17 20:40:52,209 [INFO] ADCParametersView:116 -                Rank 1 : true
2025-06-17 20:40:52,209 [INFO] ADCParametersView:116 -                Rank 2 : true
2025-06-17 20:40:52,209 [INFO] ADCParametersView:116 -                Rank 3 : true
2025-06-17 20:40:52,209 [INFO] ADCParametersView:116 -                Rank 4 : false
2025-06-17 20:40:52,209 [INFO] ADCParametersView:116 -                Rank 5 : false
2025-06-17 20:40:57,754 [INFO] NvicIntPanel:101 - NVIC parent = com.st.microxplorer.plugins.ip.nvic.MultiNvicIntPanel[,0,0,0x0,invalid,layout=javax.swing.BoxLayout,alignmentX=0.0,alignmentY=0.0,border=,flags=9,maximumSize=,minimumSize=,preferredSize=]
2025-06-17 20:40:57,792 [INFO] ADCParametersView:116 -                Rank 1 : true
2025-06-17 20:40:57,792 [INFO] ADCParametersView:116 -                Rank 2 : true
2025-06-17 20:40:57,792 [INFO] ADCParametersView:116 -                Rank 3 : true
2025-06-17 20:40:57,792 [INFO] ADCParametersView:116 -                Rank 4 : false
2025-06-17 20:40:57,792 [INFO] ADCParametersView:116 -                Rank 5 : false
2025-06-17 20:40:57,794 [INFO] ADCParametersView:116 -                Rank 1 : true
2025-06-17 20:40:57,795 [INFO] ADCParametersView:116 -                Rank 2 : true
2025-06-17 20:40:57,795 [INFO] ADCParametersView:116 -                Rank 3 : true
2025-06-17 20:40:57,795 [INFO] ADCParametersView:116 -                Rank 4 : false
2025-06-17 20:40:57,795 [INFO] ADCParametersView:116 -                Rank 5 : false
2025-06-17 20:40:57,795 [INFO] ADCParametersView:116 -                Rank 1 : true
2025-06-17 20:40:57,795 [INFO] ADCParametersView:116 -                Rank 2 : true
2025-06-17 20:40:57,795 [INFO] ADCParametersView:116 -                Rank 3 : true
2025-06-17 20:40:57,795 [INFO] ADCParametersView:116 -                Rank 4 : false
2025-06-17 20:40:57,795 [INFO] ADCParametersView:116 -                Rank 5 : false
2025-06-17 20:40:57,795 [INFO] ADCParametersView:116 -                Rank 1 : true
2025-06-17 20:40:57,795 [INFO] ADCParametersView:116 -                Rank 2 : true
2025-06-17 20:40:57,795 [INFO] ADCParametersView:116 -                Rank 3 : true
2025-06-17 20:40:57,795 [INFO] ADCParametersView:116 -                Rank 4 : false
2025-06-17 20:40:57,795 [INFO] ADCParametersView:116 -                Rank 5 : false
2025-06-17 20:40:57,795 [INFO] ADCParametersView:116 -                Rank 1 : true
2025-06-17 20:40:57,795 [INFO] ADCParametersView:116 -                Rank 2 : true
2025-06-17 20:40:57,795 [INFO] ADCParametersView:116 -                Rank 3 : true
2025-06-17 20:40:57,795 [INFO] ADCParametersView:116 -                Rank 4 : false
2025-06-17 20:40:57,795 [INFO] ADCParametersView:116 -                Rank 5 : false
2025-06-17 20:40:57,795 [INFO] ADCParametersView:116 -                Rank 1 : true
2025-06-17 20:40:57,795 [INFO] ADCParametersView:116 -                Rank 2 : true
2025-06-17 20:40:57,795 [INFO] ADCParametersView:116 -                Rank 3 : true
2025-06-17 20:40:57,795 [INFO] ADCParametersView:116 -                Rank 4 : false
2025-06-17 20:40:57,795 [INFO] ADCParametersView:116 -                Rank 5 : false
2025-06-17 20:40:57,795 [INFO] ADCParametersView:116 -                Rank 1 : true
2025-06-17 20:40:57,795 [INFO] ADCParametersView:116 -                Rank 2 : true
2025-06-17 20:40:57,795 [INFO] ADCParametersView:116 -                Rank 3 : true
2025-06-17 20:40:57,795 [INFO] ADCParametersView:116 -                Rank 4 : false
2025-06-17 20:40:57,795 [INFO] ADCParametersView:116 -                Rank 5 : false
2025-06-17 20:40:57,795 [INFO] ADCParametersView:116 -                Rank 1 : true
2025-06-17 20:40:57,795 [INFO] ADCParametersView:116 -                Rank 2 : true
2025-06-17 20:40:57,795 [INFO] ADCParametersView:116 -                Rank 3 : true
2025-06-17 20:40:57,795 [INFO] ADCParametersView:116 -                Rank 4 : false
2025-06-17 20:40:57,795 [INFO] ADCParametersView:116 -                Rank 5 : false
2025-06-17 20:40:57,795 [INFO] ADCParametersView:116 -                Rank 1 : true
2025-06-17 20:40:57,795 [INFO] ADCParametersView:116 -                Rank 2 : true
2025-06-17 20:40:57,795 [INFO] ADCParametersView:116 -                Rank 3 : true
2025-06-17 20:40:57,796 [INFO] ADCParametersView:116 -                Rank 4 : false
2025-06-17 20:40:57,796 [INFO] ADCParametersView:116 -                Rank 5 : false
2025-06-17 20:40:57,796 [INFO] ADCParametersView:116 -                Rank 1 : true
2025-06-17 20:40:57,796 [INFO] ADCParametersView:116 -                Rank 2 : true
2025-06-17 20:40:57,796 [INFO] ADCParametersView:116 -                Rank 3 : true
2025-06-17 20:40:57,796 [INFO] ADCParametersView:116 -                Rank 4 : false
2025-06-17 20:40:57,796 [INFO] ADCParametersView:116 -                Rank 5 : false
2025-06-17 20:40:57,796 [INFO] ADCParametersView:116 -                Rank 2 : true
2025-06-17 20:40:57,796 [INFO] ADCParametersView:116 -                Rank 3 : true
2025-06-17 20:40:57,796 [INFO] ADCParametersView:116 -                Rank 4 : false
2025-06-17 20:40:57,796 [INFO] ADCParametersView:116 -                Rank 5 : false
2025-06-17 20:40:57,796 [INFO] ADCParametersView:116 -                Rank 3 : true
2025-06-17 20:40:57,796 [INFO] ADCParametersView:116 -                Rank 4 : false
2025-06-17 20:40:57,796 [INFO] ADCParametersView:116 -                Rank 5 : false
2025-06-17 20:40:57,797 [INFO] ADCParametersView:116 -                Rank 4 : false
2025-06-17 20:40:57,797 [INFO] ADCParametersView:116 -                Rank 5 : false
2025-06-17 20:40:57,797 [INFO] ADCParametersView:116 -                Rank 5 : false
2025-06-17 20:40:57,805 [INFO] ADCParametersView:116 -                Rank 1 : true
2025-06-17 20:40:57,805 [INFO] ADCParametersView:116 -                Rank 1 : true
2025-06-17 20:40:57,805 [INFO] ADCParametersView:116 -                Rank 2 : true
2025-06-17 20:40:57,805 [INFO] ADCParametersView:116 -                Rank 1 : true
2025-06-17 20:40:57,805 [INFO] ADCParametersView:116 -                Rank 2 : true
2025-06-17 20:40:57,805 [INFO] ADCParametersView:116 -                Rank 3 : true
2025-06-17 20:40:57,805 [INFO] ADCParametersView:116 -                Rank 1 : true
2025-06-17 20:40:57,805 [INFO] ADCParametersView:116 -                Rank 2 : true
2025-06-17 20:40:57,805 [INFO] ADCParametersView:116 -                Rank 3 : true
2025-06-17 20:40:57,805 [INFO] ADCParametersView:116 -                Rank 4 : false
2025-06-17 20:40:57,806 [INFO] ADCParametersView:116 -                Rank 1 : true
2025-06-17 20:40:57,806 [INFO] ADCParametersView:116 -                Rank 2 : true
2025-06-17 20:40:57,806 [INFO] ADCParametersView:116 -                Rank 3 : true
2025-06-17 20:40:57,806 [INFO] ADCParametersView:116 -                Rank 4 : false
2025-06-17 20:40:57,806 [INFO] ADCParametersView:116 -                Rank 5 : false
2025-06-17 20:41:02,101 [INFO] ADCParametersView:116 -                Rank 1 : true
2025-06-17 20:41:02,101 [INFO] ADCParametersView:116 -                Rank 2 : true
2025-06-17 20:41:02,101 [INFO] ADCParametersView:116 -                Rank 3 : true
2025-06-17 20:41:02,101 [INFO] ADCParametersView:116 -                Rank 4 : true
2025-06-17 20:41:02,102 [INFO] ADCParametersView:116 -                Rank 5 : false
2025-06-17 20:41:08,176 [INFO] NvicIntPanel:101 - NVIC parent = com.st.microxplorer.plugins.ip.nvic.MultiNvicIntPanel[,0,0,0x0,invalid,layout=javax.swing.BoxLayout,alignmentX=0.0,alignmentY=0.0,border=,flags=9,maximumSize=,minimumSize=,preferredSize=]
2025-06-17 20:41:08,207 [INFO] ADCParametersView:116 -                Rank 1 : true
2025-06-17 20:41:08,207 [INFO] ADCParametersView:116 -                Rank 2 : true
2025-06-17 20:41:08,207 [INFO] ADCParametersView:116 -                Rank 3 : true
2025-06-17 20:41:08,207 [INFO] ADCParametersView:116 -                Rank 4 : true
2025-06-17 20:41:08,207 [INFO] ADCParametersView:116 -                Rank 5 : false
2025-06-17 20:41:08,210 [INFO] ADCParametersView:116 -                Rank 1 : true
2025-06-17 20:41:08,210 [INFO] ADCParametersView:116 -                Rank 2 : true
2025-06-17 20:41:08,210 [INFO] ADCParametersView:116 -                Rank 3 : true
2025-06-17 20:41:08,210 [INFO] ADCParametersView:116 -                Rank 4 : true
2025-06-17 20:41:08,210 [INFO] ADCParametersView:116 -                Rank 5 : false
2025-06-17 20:41:08,210 [INFO] ADCParametersView:116 -                Rank 1 : true
2025-06-17 20:41:08,210 [INFO] ADCParametersView:116 -                Rank 2 : true
2025-06-17 20:41:08,211 [INFO] ADCParametersView:116 -                Rank 3 : true
2025-06-17 20:41:08,211 [INFO] ADCParametersView:116 -                Rank 4 : true
2025-06-17 20:41:08,211 [INFO] ADCParametersView:116 -                Rank 5 : false
2025-06-17 20:41:08,211 [INFO] ADCParametersView:116 -                Rank 1 : true
2025-06-17 20:41:08,211 [INFO] ADCParametersView:116 -                Rank 2 : true
2025-06-17 20:41:08,211 [INFO] ADCParametersView:116 -                Rank 3 : true
2025-06-17 20:41:08,211 [INFO] ADCParametersView:116 -                Rank 4 : true
2025-06-17 20:41:08,211 [INFO] ADCParametersView:116 -                Rank 5 : false
2025-06-17 20:41:08,211 [INFO] ADCParametersView:116 -                Rank 1 : true
2025-06-17 20:41:08,211 [INFO] ADCParametersView:116 -                Rank 2 : true
2025-06-17 20:41:08,211 [INFO] ADCParametersView:116 -                Rank 3 : true
2025-06-17 20:41:08,211 [INFO] ADCParametersView:116 -                Rank 4 : true
2025-06-17 20:41:08,211 [INFO] ADCParametersView:116 -                Rank 5 : false
2025-06-17 20:41:08,211 [INFO] ADCParametersView:116 -                Rank 1 : true
2025-06-17 20:41:08,211 [INFO] ADCParametersView:116 -                Rank 2 : true
2025-06-17 20:41:08,211 [INFO] ADCParametersView:116 -                Rank 3 : true
2025-06-17 20:41:08,211 [INFO] ADCParametersView:116 -                Rank 4 : true
2025-06-17 20:41:08,212 [INFO] ADCParametersView:116 -                Rank 5 : false
2025-06-17 20:41:08,212 [INFO] ADCParametersView:116 -                Rank 1 : true
2025-06-17 20:41:08,212 [INFO] ADCParametersView:116 -                Rank 2 : true
2025-06-17 20:41:08,212 [INFO] ADCParametersView:116 -                Rank 3 : true
2025-06-17 20:41:08,212 [INFO] ADCParametersView:116 -                Rank 4 : true
2025-06-17 20:41:08,212 [INFO] ADCParametersView:116 -                Rank 5 : false
2025-06-17 20:41:08,212 [INFO] ADCParametersView:116 -                Rank 1 : true
2025-06-17 20:41:08,212 [INFO] ADCParametersView:116 -                Rank 2 : true
2025-06-17 20:41:08,212 [INFO] ADCParametersView:116 -                Rank 3 : true
2025-06-17 20:41:08,212 [INFO] ADCParametersView:116 -                Rank 4 : true
2025-06-17 20:41:08,212 [INFO] ADCParametersView:116 -                Rank 5 : false
2025-06-17 20:41:08,212 [INFO] ADCParametersView:116 -                Rank 1 : true
2025-06-17 20:41:08,212 [INFO] ADCParametersView:116 -                Rank 2 : true
2025-06-17 20:41:08,212 [INFO] ADCParametersView:116 -                Rank 3 : true
2025-06-17 20:41:08,213 [INFO] ADCParametersView:116 -                Rank 4 : true
2025-06-17 20:41:08,213 [INFO] ADCParametersView:116 -                Rank 5 : false
2025-06-17 20:41:08,213 [INFO] ADCParametersView:116 -                Rank 1 : true
2025-06-17 20:41:08,213 [INFO] ADCParametersView:116 -                Rank 2 : true
2025-06-17 20:41:08,213 [INFO] ADCParametersView:116 -                Rank 3 : true
2025-06-17 20:41:08,213 [INFO] ADCParametersView:116 -                Rank 4 : true
2025-06-17 20:41:08,213 [INFO] ADCParametersView:116 -                Rank 5 : false
2025-06-17 20:41:08,213 [INFO] ADCParametersView:116 -                Rank 2 : true
2025-06-17 20:41:08,213 [INFO] ADCParametersView:116 -                Rank 3 : true
2025-06-17 20:41:08,213 [INFO] ADCParametersView:116 -                Rank 4 : true
2025-06-17 20:41:08,213 [INFO] ADCParametersView:116 -                Rank 5 : false
2025-06-17 20:41:08,213 [INFO] ADCParametersView:116 -                Rank 3 : true
2025-06-17 20:41:08,214 [INFO] ADCParametersView:116 -                Rank 4 : true
2025-06-17 20:41:08,214 [INFO] ADCParametersView:116 -                Rank 5 : false
2025-06-17 20:41:08,214 [INFO] ADCParametersView:116 -                Rank 4 : true
2025-06-17 20:41:08,214 [INFO] ADCParametersView:116 -                Rank 5 : false
2025-06-17 20:41:08,214 [INFO] ADCParametersView:116 -                Rank 5 : false
2025-06-17 20:41:08,219 [INFO] ADCParametersView:116 -                Rank 1 : true
2025-06-17 20:41:08,219 [INFO] ADCParametersView:116 -                Rank 1 : true
2025-06-17 20:41:08,219 [INFO] ADCParametersView:116 -                Rank 2 : true
2025-06-17 20:41:08,219 [INFO] ADCParametersView:116 -                Rank 1 : true
2025-06-17 20:41:08,219 [INFO] ADCParametersView:116 -                Rank 2 : true
2025-06-17 20:41:08,219 [INFO] ADCParametersView:116 -                Rank 3 : true
2025-06-17 20:41:08,219 [INFO] ADCParametersView:116 -                Rank 1 : true
2025-06-17 20:41:08,219 [INFO] ADCParametersView:116 -                Rank 2 : true
2025-06-17 20:41:08,219 [INFO] ADCParametersView:116 -                Rank 3 : true
2025-06-17 20:41:08,220 [INFO] ADCParametersView:116 -                Rank 4 : true
2025-06-17 20:41:08,220 [INFO] ADCParametersView:116 -                Rank 1 : true
2025-06-17 20:41:08,220 [INFO] ADCParametersView:116 -                Rank 2 : true
2025-06-17 20:41:08,220 [INFO] ADCParametersView:116 -                Rank 3 : true
2025-06-17 20:41:08,220 [INFO] ADCParametersView:116 -                Rank 4 : true
2025-06-17 20:41:08,220 [INFO] ADCParametersView:116 -                Rank 5 : false
2025-06-17 20:41:10,032 [INFO] ADCParametersView:116 -                Rank 1 : true
2025-06-17 20:41:10,032 [INFO] ADCParametersView:116 -                Rank 2 : true
2025-06-17 20:41:10,032 [INFO] ADCParametersView:116 -                Rank 3 : true
2025-06-17 20:41:10,032 [INFO] ADCParametersView:116 -                Rank 4 : true
2025-06-17 20:41:10,032 [INFO] ADCParametersView:116 -                Rank 5 : true
2025-06-17 20:41:12,296 [INFO] NvicIntPanel:101 - NVIC parent = com.st.microxplorer.plugins.ip.nvic.MultiNvicIntPanel[,0,0,0x0,invalid,layout=javax.swing.BoxLayout,alignmentX=0.0,alignmentY=0.0,border=,flags=9,maximumSize=,minimumSize=,preferredSize=]
2025-06-17 20:41:12,328 [INFO] ADCParametersView:116 -                Rank 1 : true
2025-06-17 20:41:12,329 [INFO] ADCParametersView:116 -                Rank 2 : true
2025-06-17 20:41:12,329 [INFO] ADCParametersView:116 -                Rank 3 : true
2025-06-17 20:41:12,329 [INFO] ADCParametersView:116 -                Rank 4 : true
2025-06-17 20:41:12,329 [INFO] ADCParametersView:116 -                Rank 5 : true
2025-06-17 20:41:12,331 [INFO] ADCParametersView:116 -                Rank 1 : true
2025-06-17 20:41:12,331 [INFO] ADCParametersView:116 -                Rank 2 : true
2025-06-17 20:41:12,331 [INFO] ADCParametersView:116 -                Rank 3 : true
2025-06-17 20:41:12,331 [INFO] ADCParametersView:116 -                Rank 4 : true
2025-06-17 20:41:12,331 [INFO] ADCParametersView:116 -                Rank 5 : true
2025-06-17 20:41:12,332 [INFO] ADCParametersView:116 -                Rank 1 : true
2025-06-17 20:41:12,332 [INFO] ADCParametersView:116 -                Rank 2 : true
2025-06-17 20:41:12,332 [INFO] ADCParametersView:116 -                Rank 3 : true
2025-06-17 20:41:12,332 [INFO] ADCParametersView:116 -                Rank 4 : true
2025-06-17 20:41:12,332 [INFO] ADCParametersView:116 -                Rank 5 : true
2025-06-17 20:41:12,332 [INFO] ADCParametersView:116 -                Rank 1 : true
2025-06-17 20:41:12,332 [INFO] ADCParametersView:116 -                Rank 2 : true
2025-06-17 20:41:12,332 [INFO] ADCParametersView:116 -                Rank 3 : true
2025-06-17 20:41:12,332 [INFO] ADCParametersView:116 -                Rank 4 : true
2025-06-17 20:41:12,332 [INFO] ADCParametersView:116 -                Rank 5 : true
2025-06-17 20:41:12,332 [INFO] ADCParametersView:116 -                Rank 1 : true
2025-06-17 20:41:12,332 [INFO] ADCParametersView:116 -                Rank 2 : true
2025-06-17 20:41:12,332 [INFO] ADCParametersView:116 -                Rank 3 : true
2025-06-17 20:41:12,332 [INFO] ADCParametersView:116 -                Rank 4 : true
2025-06-17 20:41:12,332 [INFO] ADCParametersView:116 -                Rank 5 : true
2025-06-17 20:41:12,332 [INFO] ADCParametersView:116 -                Rank 1 : true
2025-06-17 20:41:12,332 [INFO] ADCParametersView:116 -                Rank 2 : true
2025-06-17 20:41:12,332 [INFO] ADCParametersView:116 -                Rank 3 : true
2025-06-17 20:41:12,332 [INFO] ADCParametersView:116 -                Rank 4 : true
2025-06-17 20:41:12,332 [INFO] ADCParametersView:116 -                Rank 5 : true
2025-06-17 20:41:12,332 [INFO] ADCParametersView:116 -                Rank 1 : true
2025-06-17 20:41:12,332 [INFO] ADCParametersView:116 -                Rank 2 : true
2025-06-17 20:41:12,332 [INFO] ADCParametersView:116 -                Rank 3 : true
2025-06-17 20:41:12,332 [INFO] ADCParametersView:116 -                Rank 4 : true
2025-06-17 20:41:12,332 [INFO] ADCParametersView:116 -                Rank 5 : true
2025-06-17 20:41:12,332 [INFO] ADCParametersView:116 -                Rank 1 : true
2025-06-17 20:41:12,332 [INFO] ADCParametersView:116 -                Rank 2 : true
2025-06-17 20:41:12,332 [INFO] ADCParametersView:116 -                Rank 3 : true
2025-06-17 20:41:12,332 [INFO] ADCParametersView:116 -                Rank 4 : true
2025-06-17 20:41:12,332 [INFO] ADCParametersView:116 -                Rank 5 : true
2025-06-17 20:41:12,332 [INFO] ADCParametersView:116 -                Rank 1 : true
2025-06-17 20:41:12,332 [INFO] ADCParametersView:116 -                Rank 2 : true
2025-06-17 20:41:12,332 [INFO] ADCParametersView:116 -                Rank 3 : true
2025-06-17 20:41:12,332 [INFO] ADCParametersView:116 -                Rank 4 : true
2025-06-17 20:41:12,332 [INFO] ADCParametersView:116 -                Rank 5 : true
2025-06-17 20:41:12,332 [INFO] ADCParametersView:116 -                Rank 1 : true
2025-06-17 20:41:12,332 [INFO] ADCParametersView:116 -                Rank 2 : true
2025-06-17 20:41:12,332 [INFO] ADCParametersView:116 -                Rank 3 : true
2025-06-17 20:41:12,334 [INFO] ADCParametersView:116 -                Rank 4 : true
2025-06-17 20:41:12,334 [INFO] ADCParametersView:116 -                Rank 5 : true
2025-06-17 20:41:12,334 [INFO] ADCParametersView:116 -                Rank 2 : true
2025-06-17 20:41:12,334 [INFO] ADCParametersView:116 -                Rank 3 : true
2025-06-17 20:41:12,334 [INFO] ADCParametersView:116 -                Rank 4 : true
2025-06-17 20:41:12,334 [INFO] ADCParametersView:116 -                Rank 5 : true
2025-06-17 20:41:12,334 [INFO] ADCParametersView:116 -                Rank 3 : true
2025-06-17 20:41:12,334 [INFO] ADCParametersView:116 -                Rank 4 : true
2025-06-17 20:41:12,334 [INFO] ADCParametersView:116 -                Rank 5 : true
2025-06-17 20:41:12,334 [INFO] ADCParametersView:116 -                Rank 4 : true
2025-06-17 20:41:12,334 [INFO] ADCParametersView:116 -                Rank 5 : true
2025-06-17 20:41:12,334 [INFO] ADCParametersView:116 -                Rank 5 : true
2025-06-17 20:41:12,342 [INFO] ADCParametersView:116 -                Rank 1 : true
2025-06-17 20:41:12,342 [INFO] ADCParametersView:116 -                Rank 1 : true
2025-06-17 20:41:12,342 [INFO] ADCParametersView:116 -                Rank 2 : true
2025-06-17 20:41:12,342 [INFO] ADCParametersView:116 -                Rank 1 : true
2025-06-17 20:41:12,343 [INFO] ADCParametersView:116 -                Rank 2 : true
2025-06-17 20:41:12,343 [INFO] ADCParametersView:116 -                Rank 3 : true
2025-06-17 20:41:12,343 [INFO] ADCParametersView:116 -                Rank 1 : true
2025-06-17 20:41:12,343 [INFO] ADCParametersView:116 -                Rank 2 : true
2025-06-17 20:41:12,343 [INFO] ADCParametersView:116 -                Rank 3 : true
2025-06-17 20:41:12,343 [INFO] ADCParametersView:116 -                Rank 4 : true
2025-06-17 20:41:12,343 [INFO] ADCParametersView:116 -                Rank 1 : true
2025-06-17 20:41:12,343 [INFO] ADCParametersView:116 -                Rank 2 : true
2025-06-17 20:41:12,343 [INFO] ADCParametersView:116 -                Rank 3 : true
2025-06-17 20:41:12,344 [INFO] ADCParametersView:116 -                Rank 4 : true
2025-06-17 20:41:12,344 [INFO] ADCParametersView:116 -                Rank 5 : true
2025-06-17 20:41:13,333 [INFO] WebApp:194 - Connection lost
2025-06-17 20:42:58,797 [INFO] NvicIntPanel:101 - NVIC parent = com.st.microxplorer.plugins.ip.nvic.MultiNvicIntPanel[,0,0,501x219,layout=javax.swing.BoxLayout,alignmentX=0.0,alignmentY=0.0,border=,flags=9,maximumSize=,minimumSize=,preferredSize=]
2025-06-17 20:43:01,480 [INFO] NvicIntPanel:101 - NVIC parent = com.st.microxplorer.plugins.ip.nvic.MultiNvicIntPanel[,0,0,0x0,invalid,layout=javax.swing.BoxLayout,alignmentX=0.0,alignmentY=0.0,border=,flags=9,maximumSize=,minimumSize=,preferredSize=]
2025-06-17 20:45:06,891 [INFO] NvicIntPanel:101 - NVIC parent = com.st.microxplorer.plugins.ip.nvic.MultiNvicIntPanel[,0,0,0x0,invalid,layout=javax.swing.BoxLayout,alignmentX=0.0,alignmentY=0.0,border=,flags=9,maximumSize=,minimumSize=,preferredSize=]
2025-06-17 20:45:07,044 [INFO] NvicIntPanel:101 - NVIC parent = com.st.microxplorer.plugins.ip.nvic.MultiNvicIntPanel[,0,0,0x0,invalid,layout=javax.swing.BoxLayout,alignmentX=0.0,alignmentY=0.0,border=,flags=9,maximumSize=,minimumSize=,preferredSize=]
2025-06-17 20:45:17,582 [INFO] Gpio:277 - dependency for GPIO [ADC1, RCC, USART1]
2025-06-17 20:45:21,883 [INFO] NvicIntPanel:101 - NVIC parent = com.st.microxplorer.plugins.ip.nvic.MultiNvicIntPanel[,2,27,503x223,layout=javax.swing.BoxLayout,alignmentX=0.0,alignmentY=0.0,border=,flags=9,maximumSize=,minimumSize=,preferredSize=]
2025-06-17 20:45:23,745 [INFO] Gpio:277 - dependency for GPIO [ADC1, RCC, USART1]
2025-06-17 20:45:48,243 [INFO] Gpio:277 - dependency for GPIO [ADC1, RCC, USART1]
2025-06-17 20:45:48,289 [INFO] NvicIntPanel:101 - NVIC parent = com.st.microxplorer.plugins.ip.nvic.MultiNvicIntPanel[,0,0,0x0,invalid,layout=javax.swing.BoxLayout,alignmentX=0.0,alignmentY=0.0,border=,flags=9,maximumSize=,minimumSize=,preferredSize=]
2025-06-17 20:45:48,432 [INFO] Gpio:277 - dependency for GPIO [ADC1, RCC, USART1]
2025-06-17 20:45:48,463 [INFO] NvicIntPanel:101 - NVIC parent = com.st.microxplorer.plugins.ip.nvic.MultiNvicIntPanel[,0,0,0x0,invalid,layout=javax.swing.BoxLayout,alignmentX=0.0,alignmentY=0.0,border=,flags=9,maximumSize=,minimumSize=,preferredSize=]
2025-06-17 20:48:39,402 [INFO] UtilMem:75 - End SaveConfig() Used Memory: 454338896 Bytes (846200832)
2025-06-17 20:48:41,807 [INFO] UtilMem:75 - End SaveConfig() Used Memory: 471095320 Bytes (846200832)
2025-06-17 20:48:46,542 [INFO] UtilMem:75 - End SaveConfig() Used Memory: 613771008 Bytes (846200832)
2025-06-17 20:48:47,156 [INFO] BlockDiagram:2775 - set Specific Code input for plugin: NVIC
2025-06-17 20:48:47,156 [INFO] BlockDiagram:2775 - set Specific Code input for plugin: USART
2025-06-17 20:48:47,156 [INFO] BlockDiagram:2775 - set Specific Code input for plugin: DMA
2025-06-17 20:48:47,156 [INFO] BlockDiagram:2775 - set Specific Code input for plugin: TIM1_8F1
2025-06-17 20:48:47,156 [INFO] BlockDiagram:2775 - set Specific Code input for plugin: TIM1_8F1
2025-06-17 20:48:47,156 [INFO] BlockDiagram:2775 - set Specific Code input for plugin: SYS
2025-06-17 20:48:47,157 [INFO] BlockDiagram:2775 - set Specific Code input for plugin: GPIO
2025-06-17 20:48:47,157 [INFO] BlockDiagram:2775 - set Specific Code input for plugin: ADC
2025-06-17 20:48:47,160 [INFO] BlockDiagram:2775 - set Specific Code input for plugin: RCC
2025-06-17 20:48:47,165 [INFO] CodeGenerator:882 - code generatio: config db path: C:\ST\STM32CubeIDE_1.18.0\STM32CubeIDE\plugins\com.st.stm32cube.common.mx_6.14.1.202504091515\\db\
2025-06-17 20:48:47,294 [INFO] CodeEngine:263 - oldGeneratedFile, C:\GIT\CODIGO_TRAB_FINAL\Acionar_injetor_Gol\MXTmpFiles\license.tmp_save
2025-06-17 20:48:47,703 [INFO] CodeEngine:287 - Generated code: C:\GIT\CODIGO_TRAB_FINAL\Acionar_injetor_Gol\MXTmpFiles\license.tmp
2025-06-17 20:48:47,779 [INFO] CodeEngine:263 - oldGeneratedFile, C:\GIT\CODIGO_TRAB_FINAL\Acionar_injetor_Gol\MXTmpFiles\gpio.tmp_save
2025-06-17 20:48:47,966 [INFO] CodeEngine:287 - Generated code: C:\GIT\CODIGO_TRAB_FINAL\Acionar_injetor_Gol\MXTmpFiles\gpio.tmp
2025-06-17 20:48:48,205 [INFO] CodeEngine:263 - oldGeneratedFile, C:\GIT\CODIGO_TRAB_FINAL\Acionar_injetor_Gol\MXTmpFiles\dma.tmp_save
2025-06-17 20:48:48,311 [INFO] CodeEngine:287 - Generated code: C:\GIT\CODIGO_TRAB_FINAL\Acionar_injetor_Gol\MXTmpFiles\dma.tmp
2025-06-17 20:48:48,315 [INFO] CodeEngine:263 - oldGeneratedFile, C:\GIT\CODIGO_TRAB_FINAL\Acionar_injetor_Gol\MXTmpFiles\dma_GV.tmp_save
2025-06-17 20:48:48,428 [INFO] CodeEngine:287 - Generated code: C:\GIT\CODIGO_TRAB_FINAL\Acionar_injetor_Gol\MXTmpFiles\dma_GV.tmp
2025-06-17 20:48:48,463 [INFO] CodeEngine:263 - oldGeneratedFile, C:\GIT\CODIGO_TRAB_FINAL\Acionar_injetor_Gol\Core\Src\stm32f1xx_it.c_save
2025-06-17 20:48:48,786 [INFO] CodeEngine:287 - Generated code: C:\GIT\CODIGO_TRAB_FINAL\Acionar_injetor_Gol\Core\Src\stm32f1xx_it.c
2025-06-17 20:48:48,795 [INFO] CodeEngine:263 - oldGeneratedFile, C:\GIT\CODIGO_TRAB_FINAL\Acionar_injetor_Gol\Core\Inc\stm32f1xx_it.h_save
2025-06-17 20:48:48,885 [INFO] CodeEngine:287 - Generated code: C:\GIT\CODIGO_TRAB_FINAL\Acionar_injetor_Gol\Core\Inc\stm32f1xx_it.h
2025-06-17 20:48:48,908 [INFO] CodeEngine:263 - oldGeneratedFile, C:\GIT\CODIGO_TRAB_FINAL\Acionar_injetor_Gol\Core\Src\stm32f1xx_hal_msp.c_save
2025-06-17 20:48:49,085 [INFO] CodeEngine:287 - Generated code: C:\GIT\CODIGO_TRAB_FINAL\Acionar_injetor_Gol\Core\Src\stm32f1xx_hal_msp.c
2025-06-17 20:48:49,093 [INFO] CodeEngine:263 - oldGeneratedFile, C:\GIT\CODIGO_TRAB_FINAL\Acionar_injetor_Gol\MXTmpFiles\system.tmp_save
2025-06-17 20:48:49,170 [INFO] CodeEngine:287 - Generated code: C:\GIT\CODIGO_TRAB_FINAL\Acionar_injetor_Gol\MXTmpFiles\system.tmp
2025-06-17 20:48:49,186 [INFO] CodeEngine:319 - oldGeneratedFile, C:\GIT\CODIGO_TRAB_FINAL\Acionar_injetor_Gol\Core\Inc\stm32f1xx_hal_conf.h_save
2025-06-17 20:48:49,270 [INFO] CodeEngine:343 - Generated code: C:\GIT\CODIGO_TRAB_FINAL\Acionar_injetor_Gol\Core\Inc\stm32f1xx_hal_conf.h
2025-06-17 20:48:49,313 [INFO] ApiDbMcu:508 - Load IP Config File for ADC1
2025-06-17 20:48:49,331 [INFO] ApiDbMcu:508 - Load IP Config File for TIM2
2025-06-17 20:48:49,352 [INFO] ApiDbMcu:508 - Load IP Config File for TIM3
2025-06-17 20:48:49,362 [INFO] ApiDbMcu:508 - Load IP Config File for USART1
2025-06-17 20:48:49,364 [WARN] IPConfigManager:3790 - IP not found : TIM
2025-06-17 20:48:49,367 [WARN] CodeGenerator:4198 - IP not found : null
2025-06-17 20:48:49,388 [INFO] CodeEngine:263 - oldGeneratedFile, C:\GIT\CODIGO_TRAB_FINAL\Acionar_injetor_Gol\Core\Inc\main.h_save
2025-06-17 20:48:49,540 [INFO] CodeEngine:287 - Generated code: C:\GIT\CODIGO_TRAB_FINAL\Acionar_injetor_Gol\Core\Inc\main.h
2025-06-17 20:48:49,549 [INFO] CodeEngine:263 - oldGeneratedFile, C:\GIT\CODIGO_TRAB_FINAL\Acionar_injetor_Gol\Core\Src\main.c_save
2025-06-17 20:48:49,723 [INFO] CodeEngine:287 - Generated code: C:\GIT\CODIGO_TRAB_FINAL\Acionar_injetor_Gol\Core\Src\main.c
2025-06-17 20:48:50,143 [INFO] ProjectBuilder:3324 - Time for Copy HAL[1] : 185mS.
2025-06-17 20:48:50,148 [INFO] ProjectBuilder:4912 - Project Generator version: 4.6.0.1-B1
2025-06-17 20:48:50,264 [INFO] ConfigFileManager:1590 - The Die is : DIE410
2025-06-17 20:48:51,889 [INFO] ProjectBuilder:5191 - Time for Generating toolchain IDE Files: 1741mS.
2025-06-17 20:48:51,891 [INFO] ProjectBuilder:3181 - Time for Copy CMSIS : 1mS.
2025-06-17 20:48:51,896 [INFO] ProjectBuilder:3181 - Time for Copy CMSIS : 0mS.
2025-06-17 20:51:29,900 [INFO] WebApp:191 - Connection restablished
